cve_ent,entidad,cve_alc,alc,cve_col,colonia,clasif,nombre_completo,es_colonia_formal,sin_geometria,geom_type,fecha_procesamiento
09,CIUDAD DE MÉXICO,002,AZCAPOTZALCO,002-001,AGUILERA,COLONIA,AZCAPOTZALCO > AGUILERA (COLONIA),True,False,Polygon,2026-07-05
09,CIUDAD DE MÉXICO,002,AZCAPOTZALCO,002-002,ALDANA,COLONIA,AZCAPOTZALCO > ALDANA (COLONIA),True,False,Polygon,2026-07-05
09,CIUDAD DE MÉXICO,002,AZCAPOTZALCO,002-003,AMPLIACION COSMOPOLITA,COLONIA,AZCAPOTZALCO > AMPLIACION COSMOPOLITA (COLONIA),True,False,Polygon,2026-07-05
09,CIUDAD DE MÉXICO,002,AZCAPOTZALCO,002-004,AMPLIACION DEL GAS,COLONIA,AZCAPOTZALCO > AMPLIACION DEL GAS (COLONIA),True,False,Polygon,2026-07-05
09,CIUDAD DE MÉXICO,002,AZCAPOTZALCO,002-005,AMPLIACION PETROLERA,COLONIA,AZCAPOTZALCO > AMPLIACION PETROLERA (COLONIA),True,False,Polygon,2026-07-05
09,CIUDAD DE MÉXICO,002,AZCAPOTZALCO,002-006,AMPLIACION SAN PEDRO XALPA,COLONIA,AZCAPOTZALCO > AMPLIACION SAN PEDRO XALPA (COLONIA),True,False,Polygon,2026-07-05
09,CIUDAD DE MÉXICO,002,AZCAPOTZALCO,002-007,ANGEL ZIMBRON,COLONIA,AZCAPOTZALCO > ANGEL ZIMBRON (COLONIA),True,False,Polygon,2026-07-05
09,CIUDAD DE MÉXICO,002,AZCAPOTZALCO,002-008,ARENAL,COLONIA,AZCAPOTZALCO > ARENAL (COLONIA),True,False,Polygon,2026-07-05
09,CIUDAD DE MÉXICO,002,AZCAPOTZALCO,002-009,BARRIO COLTONGO,PUEBLOS Y BARRIOS ORIGINARIOS,AZCAPOTZALCO > BARRIO COLTONGO (PUEBLOS Y BARRIOS ORIGINARIOS),False,False,Polygon,2026-07-05
09,CIUDAD DE MÉXICO,002,AZCAPOTZALCO,002-010,BARRIO HUAUTLA DE LAS SALINAS,PUEBLOS Y BARRIOS ORIGINARIOS,AZCAPOTZALCO > BARRIO HUAUTLA DE LAS SALINAS (PUEBLOS Y BARRIOS ORIGINARIOS),False,False,Polygon,2026-07-05
09,CIUDAD DE MÉXICO,002,AZCAPOTZALCO,002-011,BARRIO LOS REYES,PUEBLOS Y BARRIOS ORIGINARIOS,AZCAPOTZALCO > BARRIO LOS REYES (PUEBLOS Y BARRIOS ORIGINARIOS),False,False,Polygon,2026-07-05
09,CIUDAD DE MÉXICO,002,AZCAPOTZALCO,002-012,BARRIO NEXTENGO,PUEBLOS Y BARRIOS ORIGINARIOS,AZCAPOTZALCO > BARRIO NEXTENGO (PUEBLOS Y BARRIOS ORIGINARIOS),False,False,Polygon,2026-07-05
09,CIUDAD DE MÉXICO,002,AZCAPOTZALCO,002-013,BARRIO SAN ANDRES,PUEBLOS Y BARRIOS ORIGINARIOS,AZCAPOTZALCO > BARRIO SAN ANDRES (PUEBLOS Y BARRIOS ORIGINARIOS),False,False,Polygon,2026-07-05
09,CIUDAD DE MÉXICO,002,AZCAPOTZALCO,002-014,BARRIO SAN BERNABE,PUEBLOS Y BARRIOS ORIGINARIOS,AZCAPOTZALCO > BARRIO SAN BERNABE (PUEBLOS Y BARRIOS ORIGINARIOS),False,False,Polygon,2026-07-05
09,CIUDAD DE MÉXICO,002,AZCAPOTZALCO,002-015,BARRIO SAN MARCOS,PUEBLOS Y BARRIOS ORIGINARIOS,AZCAPOTZALCO > BARRIO SAN MARCOS (PUEBLOS Y BARRIOS ORIGINARIOS),False,False,Polygon,2026-07-05
09,CIUDAD DE MÉXICO,002,AZCAPOTZALCO,002-016,BARRIO SAN MATEO,PUEBLOS Y BARRIOS ORIGINARIOS,AZCAPOTZALCO > BARRIO SAN MATEO (PUEBLOS Y BARRIOS ORIGINARIOS),False,False,Polygon,2026-07-05
09,CIUDAD DE MÉXICO,002,AZCAPOTZALCO,002-017,BARRIO SANTA APOLONIA,PUEBLOS Y BARRIOS ORIGINARIOS,AZCAPOTZALCO > BARRIO SANTA APOLONIA (PUEBLOS Y BARRIOS ORIGINARIOS),False,False,Polygon,2026-07-05
09,CIUDAD DE MÉXICO,002,AZCAPOTZALCO,002-018,BARRIO SANTA LUCIA,PUEBLOS Y BARRIOS ORIGINARIOS,AZCAPOTZALCO > BARRIO SANTA LUCIA (PUEBLOS Y BARRIOS ORIGINARIOS),False,False,Polygon,2026-07-05
09,CIUDAD DE MÉXICO,002,AZCAPOTZALCO,002-019,CENTRO DE AZCAPOTZALCO,COLONIA,AZCAPOTZALCO > CENTRO DE AZCAPOTZALCO (COLONIA),True,False,Polygon,2026-07-05
09,CIUDAD DE MÉXICO,002,AZCAPOTZALCO,002-020,CLAVERIA,COLONIA,AZCAPOTZALCO > CLAVERIA (COLONIA),True,False,Polygon,2026-07-05
09,CIUDAD DE MÉXICO,002,AZCAPOTZALCO,002-021,COLTONGO,COLONIA,AZCAPOTZALCO > COLTONGO (COLONIA),True,False,Polygon,2026-07-05
09,CIUDAD DE MÉXICO,002,AZCAPOTZALCO,002-022,COSMOPOLITA,COLONIA,AZCAPOTZALCO > COSMOPOLITA (COLONIA),True,False,Polygon,2026-07-05
09,CIUDAD DE MÉXICO,002,AZCAPOTZALCO,002-023,DEL GAS,COLONIA,AZCAPOTZALCO > DEL GAS (COLONIA),True,False,Polygon,2026-07-05
09,CIUDAD DE MÉXICO,002,AZCAPOTZALCO,002-024,DEL MAESTRO,COLONIA,AZCAPOTZALCO > DEL MAESTRO (COLONIA),True,False,Polygon,2026-07-05
09,CIUDAD DE MÉXICO,002,AZCAPOTZALCO,002-025,DEL RECREO,COLONIA,AZCAPOTZALCO > DEL RECREO (COLONIA),True,False,Polygon,2026-07-05
09,CIUDAD DE MÉXICO,002,AZCAPOTZALCO,002-026,EL JAGUEY,COLONIA,AZCAPOTZALCO > EL JAGUEY (COLONIA),True,False,Polygon,2026-07-05
09,CIUDAD DE MÉXICO,002,AZCAPOTZALCO,002-027,EL ROSARIO,COLONIA,AZCAPOTZALCO > EL ROSARIO (COLONIA),True,False,Polygon,2026-07-05
09,CIUDAD DE MÉXICO,002,AZCAPOTZALCO,002-028,ESTACION PANTACO,COLONIA,AZCAPOTZALCO > ESTACION PANTACO (COLONIA),True,False,Polygon,2026-07-05
09,CIUDAD DE MÉXICO,002,AZCAPOTZALCO,002-029,EUZKADI,COLONIA,AZCAPOTZALCO > EUZKADI (COLONIA),True,False,Polygon,2026-07-05
09,CIUDAD DE MÉXICO,002,AZCAPOTZALCO,002-030,EX-HACIENDA EL ROSARIO,COLONIA,AZCAPOTZALCO > EX-HACIENDA EL ROSARIO (COLONIA),True,False,Polygon,2026-07-05
09,CIUDAD DE MÉXICO,002,AZCAPOTZALCO,002-031,FERRERIA,COLONIA,AZCAPOTZALCO > FERRERIA (COLONIA),True,False,Polygon,2026-07-05
09,CIUDAD DE MÉXICO,002,AZCAPOTZALCO,002-032,IGNACIO ALLENDE,COLONIA,AZCAPOTZALCO > IGNACIO ALLENDE (COLONIA),True,False,Polygon,2026-07-05
09,CIUDAD DE MÉXICO,002,AZCAPOTZALCO,002-033,INDUSTRIAL SAN ANTONIO,COLONIA,AZCAPOTZALCO > INDUSTRIAL SAN ANTONIO (COLONIA),True,False,Polygon,2026-07-05
09,CIUDAD DE MÉXICO,002,AZCAPOTZALCO,002-034,INDUSTRIAL VALLEJO,COLONIA,AZCAPOTZALCO > INDUSTRIAL VALLEJO (COLONIA),True,False,Polygon,2026-07-05
09,CIUDAD DE MÉXICO,002,AZCAPOTZALCO,002-035,JARDIN AZPEITIA,COLONIA,AZCAPOTZALCO > JARDIN AZPEITIA (COLONIA),True,False,Polygon,2026-07-05
09,CIUDAD DE MÉXICO,002,AZCAPOTZALCO,002-036,LA PRECIOSA,COLONIA,AZCAPOTZALCO > LA PRECIOSA (COLONIA),True,False,Polygon,2026-07-05
09,CIUDAD DE MÉXICO,002,AZCAPOTZALCO,002-037,LA RAZA,COLONIA,AZCAPOTZALCO > LA RAZA (COLONIA),True,False,Polygon,2026-07-05
09,CIUDAD DE MÉXICO,002,AZCAPOTZALCO,002-038,LAS SALINAS,COLONIA,AZCAPOTZALCO > LAS SALINAS (COLONIA),True,False,Polygon,2026-07-05
09,CIUDAD DE MÉXICO,002,AZCAPOTZALCO,002-039,LIBERACION,COLONIA,AZCAPOTZALCO > LIBERACION (COLONIA),True,False,Polygon,2026-07-05
09,CIUDAD DE MÉXICO,002,AZCAPOTZALCO,002-040,LIBERTAD,COLONIA,AZCAPOTZALCO > LIBERTAD (COLONIA),True,False,Polygon,2026-07-05
09,CIUDAD DE MÉXICO,002,AZCAPOTZALCO,002-041,MONTE ALTO,COLONIA,AZCAPOTZALCO > MONTE ALTO (COLONIA),True,False,Polygon,2026-07-05
09,CIUDAD DE MÉXICO,002,AZCAPOTZALCO,002-042,NUEVA EL ROSARIO,COLONIA,AZCAPOTZALCO > NUEVA EL ROSARIO (COLONIA),True,False,Polygon,2026-07-05
09,CIUDAD DE MÉXICO,002,AZCAPOTZALCO,002-043,NUEVA ESPAÑA,COLONIA,AZCAPOTZALCO > NUEVA ESPAÑA (COLONIA),True,False,Polygon,2026-07-05
09,CIUDAD DE MÉXICO,002,AZCAPOTZALCO,002-044,NUEVA SANTA MARIA,COLONIA,AZCAPOTZALCO > NUEVA SANTA MARIA (COLONIA),True,False,Polygon,2026-07-05
09,CIUDAD DE MÉXICO,002,AZCAPOTZALCO,002-045,NUEVO BARRIO SAN RAFAEL,PUEBLOS Y BARRIOS ORIGINARIOS,AZCAPOTZALCO > NUEVO BARRIO SAN RAFAEL (PUEBLOS Y BARRIOS ORIGINARIOS),False,False,Polygon,2026-07-05
09,CIUDAD DE MÉXICO,002,AZCAPOTZALCO,002-046,OBRERO POPULAR,COLONIA,AZCAPOTZALCO > OBRERO POPULAR (COLONIA),True,False,Polygon,2026-07-05
09,CIUDAD DE MÉXICO,002,AZCAPOTZALCO,002-047,PASTEROS,COLONIA,AZCAPOTZALCO > PASTEROS (COLONIA),True,False,Polygon,2026-07-05
09,CIUDAD DE MÉXICO,002,AZCAPOTZALCO,002-048,PATRIMONIO FAMILIAR,COLONIA,AZCAPOTZALCO > PATRIMONIO FAMILIAR (COLONIA),True,False,Polygon,2026-07-05
09,CIUDAD DE MÉXICO,002,AZCAPOTZALCO,002-049,PETROLERA,COLONIA,AZCAPOTZALCO > PETROLERA (COLONIA),True,False,Polygon,2026-07-05
09,CIUDAD DE MÉXICO,002,AZCAPOTZALCO,002-050,PLENITUD,COLONIA,AZCAPOTZALCO > PLENITUD (COLONIA),True,False,Polygon,2026-07-05
09,CIUDAD DE MÉXICO,002,AZCAPOTZALCO,002-051,PORVENIR,COLONIA,AZCAPOTZALCO > PORVENIR (COLONIA),True,False,Polygon,2026-07-05
09,CIUDAD DE MÉXICO,002,AZCAPOTZALCO,002-052,POTRERO DEL LLANO,COLONIA,AZCAPOTZALCO > POTRERO DEL LLANO (COLONIA),True,False,Polygon,2026-07-05
09,CIUDAD DE MÉXICO,002,AZCAPOTZALCO,002-053,PRADOS DEL ROSARIO,COLONIA,AZCAPOTZALCO > PRADOS DEL ROSARIO (COLONIA),True,False,Polygon,2026-07-05
09,CIUDAD DE MÉXICO,002,AZCAPOTZALCO,002-054,PRO HOGAR,COLONIA,AZCAPOTZALCO > PRO HOGAR (COLONIA),True,False,Polygon,2026-07-05
09,CIUDAD DE MÉXICO,002,AZCAPOTZALCO,002-055,PROVIDENCIA,COLONIA,AZCAPOTZALCO > PROVIDENCIA (COLONIA),True,False,Polygon,2026-07-05
09,CIUDAD DE MÉXICO,002,AZCAPOTZALCO,002-056,PUEBLO SAN ANDRES,PUEBLOS Y BARRIOS ORIGINARIOS,AZCAPOTZALCO > PUEBLO SAN ANDRES (PUEBLOS Y BARRIOS ORIGINARIOS),False,False,Polygon,2026-07-05
09,CIUDAD DE MÉXICO,002,AZCAPOTZALCO,002-057,PUEBLO SAN ANDRES DE LAS SALINAS,PUEBLOS Y BARRIOS ORIGINARIOS,AZCAPOTZALCO > PUEBLO SAN ANDRES DE LAS SALINAS (PUEBLOS Y BARRIOS ORIGINARIOS),False,False,Polygon,2026-07-05
09,CIUDAD DE MÉXICO,002,AZCAPOTZALCO,002-058,PUEBLO SAN BARTOLO CAHUALTONGO,PUEBLOS Y BARRIOS ORIGINARIOS,AZCAPOTZALCO > PUEBLO SAN BARTOLO CAHUALTONGO (PUEBLOS Y BARRIOS ORIGINARIOS),False,False,Polygon,2026-07-05
09,CIUDAD DE MÉXICO,002,AZCAPOTZALCO,002-059,PUEBLO SAN FRANCISCO TETECALA,PUEBLOS Y BARRIOS ORIGINARIOS,AZCAPOTZALCO > PUEBLO SAN FRANCISCO TETECALA (PUEBLOS Y BARRIOS ORIGINARIOS),False,False,Polygon,2026-07-05
09,CIUDAD DE MÉXICO,002,AZCAPOTZALCO,002-060,PUEBLO SAN FRANCISCO XOCOTITLA,PUEBLOS Y BARRIOS ORIGINARIOS,AZCAPOTZALCO > PUEBLO SAN FRANCISCO XOCOTITLA (PUEBLOS Y BARRIOS ORIGINARIOS),False,False,Polygon,2026-07-05
09,CIUDAD DE MÉXICO,002,AZCAPOTZALCO,002-061,PUEBLO SAN JUAN TLIHUACA,PUEBLOS Y BARRIOS ORIGINARIOS,AZCAPOTZALCO > PUEBLO SAN JUAN TLIHUACA (PUEBLOS Y BARRIOS ORIGINARIOS),False,False,Polygon,2026-07-05
09,CIUDAD DE MÉXICO,002,AZCAPOTZALCO,002-062,PUEBLO SAN MARTIN XOCHINAHUAC,PUEBLOS Y BARRIOS ORIGINARIOS,AZCAPOTZALCO > PUEBLO SAN MARTIN XOCHINAHUAC (PUEBLOS Y BARRIOS ORIGINARIOS),False,False,Polygon,2026-07-05
09,CIUDAD DE MÉXICO,002,AZCAPOTZALCO,002-063,PUEBLO SAN MIGUEL AMANTLA,PUEBLOS Y BARRIOS ORIGINARIOS,AZCAPOTZALCO > PUEBLO SAN MIGUEL AMANTLA (PUEBLOS Y BARRIOS ORIGINARIOS),False,False,Polygon,2026-07-05
09,CIUDAD DE MÉXICO,002,AZCAPOTZALCO,002-064,PUEBLO SAN PEDRO XALPA,PUEBLOS Y BARRIOS ORIGINARIOS,AZCAPOTZALCO > PUEBLO SAN PEDRO XALPA (PUEBLOS Y BARRIOS ORIGINARIOS),False,False,Polygon,2026-07-05
09,CIUDAD DE MÉXICO,002,AZCAPOTZALCO,002-065,PUEBLO SANTA BARBARA,PUEBLOS Y BARRIOS ORIGINARIOS,AZCAPOTZALCO > PUEBLO SANTA BARBARA (PUEBLOS Y BARRIOS ORIGINARIOS),False,False,Polygon,2026-07-05
09,CIUDAD DE MÉXICO,002,AZCAPOTZALCO,002-066,PUEBLO SANTA CATARINA,PUEBLOS Y BARRIOS ORIGINARIOS,AZCAPOTZALCO > PUEBLO SANTA CATARINA (PUEBLOS Y BARRIOS ORIGINARIOS),False,False,Polygon,2026-07-05
09,CIUDAD DE MÉXICO,002,AZCAPOTZALCO,002-067,PUEBLO SANTA CRUZ ACAYUCAN,PUEBLOS Y BARRIOS ORIGINARIOS,AZCAPOTZALCO > PUEBLO SANTA CRUZ ACAYUCAN (PUEBLOS Y BARRIOS ORIGINARIOS),False,False,Polygon,2026-07-05
09,CIUDAD DE MÉXICO,002,AZCAPOTZALCO,002-068,PUEBLO SANTA MARIA MALINALCO,PUEBLOS Y BARRIOS ORIGINARIOS,AZCAPOTZALCO > PUEBLO SANTA MARIA MALINALCO (PUEBLOS Y BARRIOS ORIGINARIOS),False,False,Polygon,2026-07-05
09,CIUDAD DE MÉXICO,002,AZCAPOTZALCO,002-069,PUEBLO SANTIAGO AHUIZOTLA,PUEBLOS Y BARRIOS ORIGINARIOS,AZCAPOTZALCO > PUEBLO SANTIAGO AHUIZOTLA (PUEBLOS Y BARRIOS ORIGINARIOS),False,False,Polygon,2026-07-05
09,CIUDAD DE MÉXICO,002,AZCAPOTZALCO,002-070,PUEBLO SANTO DOMINGO,PUEBLOS Y BARRIOS ORIGINARIOS,AZCAPOTZALCO > PUEBLO SANTO DOMINGO (PUEBLOS Y BARRIOS ORIGINARIOS),False,False,Polygon,2026-07-05
09,CIUDAD DE MÉXICO,002,AZCAPOTZALCO,002-071,REYNOSA TAMAULIPAS,COLONIA,AZCAPOTZALCO > REYNOSA TAMAULIPAS (COLONIA),True,False,Polygon,2026-07-05
09,CIUDAD DE MÉXICO,002,AZCAPOTZALCO,002-072,SAN ALVARO,COLONIA,AZCAPOTZALCO > SAN ALVARO (COLONIA),True,False,Polygon,2026-07-05
09,CIUDAD DE MÉXICO,002,AZCAPOTZALCO,002-073,SAN ANTONIO,COLONIA,AZCAPOTZALCO > SAN ANTONIO (COLONIA),True,False,Polygon,2026-07-05
09,CIUDAD DE MÉXICO,002,AZCAPOTZALCO,002-074,SAN RAFAEL,COLONIA,AZCAPOTZALCO > SAN RAFAEL (COLONIA),True,False,Polygon,2026-07-05
09,CIUDAD DE MÉXICO,002,AZCAPOTZALCO,002-075,SAN SALVADOR XOCHIMANCA,COLONIA,AZCAPOTZALCO > SAN SALVADOR XOCHIMANCA (COLONIA),True,False,Polygon,2026-07-05
09,CIUDAD DE MÉXICO,002,AZCAPOTZALCO,002-076,SAN SEBASTIAN,COLONIA,AZCAPOTZALCO > SAN SEBASTIAN (COLONIA),True,False,Polygon,2026-07-05
09,CIUDAD DE MÉXICO,002,AZCAPOTZALCO,002-077,SANTA CRUZ DE LAS SALINAS,COLONIA,AZCAPOTZALCO > SANTA CRUZ DE LAS SALINAS (COLONIA),True,False,Polygon,2026-07-05
09,CIUDAD DE MÉXICO,002,AZCAPOTZALCO,002-078,SANTA INES,COLONIA,AZCAPOTZALCO > SANTA INES (COLONIA),True,False,Polygon,2026-07-05
09,CIUDAD DE MÉXICO,002,AZCAPOTZALCO,002-079,SANTO TOMAS,COLONIA,AZCAPOTZALCO > SANTO TOMAS (COLONIA),True,False,Polygon,2026-07-05
09,CIUDAD DE MÉXICO,002,AZCAPOTZALCO,002-080,SECTOR NAVAL,COLONIA,AZCAPOTZALCO > SECTOR NAVAL (COLONIA),True,False,Polygon,2026-07-05
09,CIUDAD DE MÉXICO,002,AZCAPOTZALCO,002-081,SINDICATO MEXICANO DE ELECTRICISTAS,COLONIA,AZCAPOTZALCO > SINDICATO MEXICANO DE ELECTRICISTAS (COLONIA),True,False,Polygon,2026-07-05
09,CIUDAD DE MÉXICO,002,AZCAPOTZALCO,002-082,TEZOZOMOC,COLONIA,AZCAPOTZALCO > TEZOZOMOC (COLONIA),True,False,Polygon,2026-07-05
09,CIUDAD DE MÉXICO,002,AZCAPOTZALCO,002-083,TIERRA NUEVA,COLONIA,AZCAPOTZALCO > TIERRA NUEVA (COLONIA),True,False,Polygon,2026-07-05
09,CIUDAD DE MÉXICO,002,AZCAPOTZALCO,002-084,TLATILCO,COLONIA,AZCAPOTZALCO > TLATILCO (COLONIA),True,False,Polygon,2026-07-05
09,CIUDAD DE MÉXICO,002,AZCAPOTZALCO,002-085,TRABAJADORES DE HIERRO,COLONIA,AZCAPOTZALCO > TRABAJADORES DE HIERRO (COLONIA),True,False,Polygon,2026-07-05
09,CIUDAD DE MÉXICO,002,AZCAPOTZALCO,002-086,UN HOGAR PARA CADA TRABAJADOR,COLONIA,AZCAPOTZALCO > UN HOGAR PARA CADA TRABAJADOR (COLONIA),True,False,Polygon,2026-07-05
09,CIUDAD DE MÉXICO,002,AZCAPOTZALCO,002-087,UNIDAD CUITLAHUAC,COLONIA,AZCAPOTZALCO > UNIDAD CUITLAHUAC (COLONIA),True,False,Polygon,2026-07-05
09,CIUDAD DE MÉXICO,002,AZCAPOTZALCO,002-088,VICTORIA DE LAS DEMOCRACIAS,COLONIA,AZCAPOTZALCO > VICTORIA DE LAS DEMOCRACIAS (COLONIA),True,False,Polygon,2026-07-05
09,CIUDAD DE MÉXICO,003,COYOACÁN,003-001,ADOLFO RUIZ CORTINEZ,COLONIA,COYOACÁN > ADOLFO RUIZ CORTINEZ (COLONIA),True,False,Polygon,2026-07-05
09,CIUDAD DE MÉXICO,003,COYOACÁN,003-002,AJUSCO,COLONIA,COYOACÁN > AJUSCO (COLONIA),True,False,Polygon,2026-07-05
09,CIUDAD DE MÉXICO,003,COYOACÁN,003-003,ALIANZA POPULAR REVOLUCIONARIA,COLONIA,COYOACÁN > ALIANZA POPULAR REVOLUCIONARIA (COLONIA),True,False,Polygon,2026-07-05
09,CIUDAD DE MÉXICO,003,COYOACÁN,003-004,ATLANTIDA,COLONIA,COYOACÁN > ATLANTIDA (COLONIA),True,False,Polygon,2026-07-05
09,CIUDAD DE MÉXICO,003,COYOACÁN,003-005,AVANTE,COLONIA,COYOACÁN > AVANTE (COLONIA),True,False,Polygon,2026-07-05
09,CIUDAD DE MÉXICO,003,COYOACÁN,003-006,BARRIO DEL NIÑO JESUS,PUEBLOS Y BARRIOS ORIGINARIOS,COYOACÁN > BARRIO DEL NIÑO JESUS (PUEBLOS Y BARRIOS ORIGINARIOS),False,False,Polygon,2026-07-05
09,CIUDAD DE MÉXICO,003,COYOACÁN,003-007,BARRIO LA CONCEPCION,PUEBLOS Y BARRIOS ORIGINARIOS,COYOACÁN > BARRIO LA CONCEPCION (PUEBLOS Y BARRIOS ORIGINARIOS),False,False,Polygon,2026-07-05
09,CIUDAD DE MÉXICO,003,COYOACÁN,003-008,BARRIO OXTOPULCO UNIVERSIDAD,PUEBLOS Y BARRIOS ORIGINARIOS,COYOACÁN > BARRIO OXTOPULCO UNIVERSIDAD (PUEBLOS Y BARRIOS ORIGINARIOS),False,False,Polygon,2026-07-05
09,CIUDAD DE MÉXICO,003,COYOACÁN,003-009,BARRIO SAN LUCAS,PUEBLOS Y BARRIOS ORIGINARIOS,COYOACÁN > BARRIO SAN LUCAS (PUEBLOS Y BARRIOS ORIGINARIOS),False,False,Polygon,2026-07-05
09,CIUDAD DE MÉXICO,003,COYOACÁN,003-010,BARRIO SANTA CATARINA,PUEBLOS Y BARRIOS ORIGINARIOS,COYOACÁN > BARRIO SANTA CATARINA (PUEBLOS Y BARRIOS ORIGINARIOS),False,False,Polygon,2026-07-05
09,CIUDAD DE MÉXICO,003,COYOACÁN,003-011,BOSQUES DE TETLAMEYA,COLONIA,COYOACÁN > BOSQUES DE TETLAMEYA (COLONIA),True,False,Polygon,2026-07-05
09,CIUDAD DE MÉXICO,003,COYOACÁN,003-012,CAFETALES,COLONIA,COYOACÁN > CAFETALES (COLONIA),True,False,Polygon,2026-07-05
09,CIUDAD DE MÉXICO,003,COYOACÁN,003-013,CAMPESTRE CHURUBUSCO,COLONIA,COYOACÁN > CAMPESTRE CHURUBUSCO (COLONIA),True,False,Polygon,2026-07-05
09,CIUDAD DE MÉXICO,003,COYOACÁN,003-014,CAMPESTRE COYOACAN,COLONIA,COYOACÁN > CAMPESTRE COYOACAN (COLONIA),True,False,Polygon,2026-07-05
09,CIUDAD DE MÉXICO,003,COYOACÁN,003-015,CANTIL DEL PEDREGAL,COLONIA,COYOACÁN > CANTIL DEL PEDREGAL (COLONIA),True,False,Polygon,2026-07-05
09,CIUDAD DE MÉXICO,003,COYOACÁN,003-016,CANTIL DEL PEDREGAL,COLONIA,COYOACÁN > CANTIL DEL PEDREGAL (COLONIA),True,False,Polygon,2026-07-05
09,CIUDAD DE MÉXICO,003,COYOACÁN,003-017,CARMEN SERDAN,COLONIA,COYOACÁN > CARMEN SERDAN (COLONIA),True,False,Polygon,2026-07-05
09,CIUDAD DE MÉXICO,003,COYOACÁN,003-018,CHURUBUSCO COUNTRY CLUB,COLONIA,COYOACÁN > CHURUBUSCO COUNTRY CLUB (COLONIA),True,False,Polygon,2026-07-05
09,CIUDAD DE MÉXICO,003,COYOACÁN,003-019,CIUDAD JARDIN,COLONIA,COYOACÁN > CIUDAD JARDIN (COLONIA),True,False,Polygon,2026-07-05
09,CIUDAD DE MÉXICO,003,COYOACÁN,003-020,CIUDAD UNIVERSITARIA,COLONIA,COYOACÁN > CIUDAD UNIVERSITARIA (COLONIA),True,False,Polygon,2026-07-05
09,CIUDAD DE MÉXICO,003,COYOACÁN,003-021,COPILCO EL ALTO,COLONIA,COYOACÁN > COPILCO EL ALTO (COLONIA),True,False,Polygon,2026-07-05
09,CIUDAD DE MÉXICO,003,COYOACÁN,003-022,COPILCO EL BAJO,COLONIA,COYOACÁN > COPILCO EL BAJO (COLONIA),True,False,Polygon,2026-07-05
09,CIUDAD DE MÉXICO,003,COYOACÁN,003-023,COPILCO UNIVERSIDAD,COLONIA,COYOACÁN > COPILCO UNIVERSIDAD (COLONIA),True,False,Polygon,2026-07-05
09,CIUDAD DE MÉXICO,003,COYOACÁN,003-024,CUADRANTE DE SAN FRANCISCO,COLONIA,COYOACÁN > CUADRANTE DE SAN FRANCISCO (COLONIA),True,False,Polygon,2026-07-05
09,CIUDAD DE MÉXICO,003,COYOACÁN,003-025,CULHUACAN C.T.M. SECCIËN X,COLONIA,COYOACÁN > CULHUACAN C.T.M. SECCIËN X (COLONIA),True,False,Polygon,2026-07-05
09,CIUDAD DE MÉXICO,003,COYOACÁN,003-026,CULHUACAN CTM CANAL NACIONAL,COLONIA,COYOACÁN > CULHUACAN CTM CANAL NACIONAL (COLONIA),True,False,Polygon,2026-07-05
09,CIUDAD DE MÉXICO,003,COYOACÁN,003-027,CULHUACAN CTM CROC,COLONIA,COYOACÁN > CULHUACAN CTM CROC (COLONIA),True,False,Polygon,2026-07-05
09,CIUDAD DE MÉXICO,003,COYOACÁN,003-028,CULHUACAN CTM SECCION I,COLONIA,COYOACÁN > CULHUACAN CTM SECCION I (COLONIA),True,False,Polygon,2026-07-05
09,CIUDAD DE MÉXICO,003,COYOACÁN,003-029,CULHUACAN CTM SECCION II,COLONIA,COYOACÁN > CULHUACAN CTM SECCION II (COLONIA),True,False,Polygon,2026-07-05
09,CIUDAD DE MÉXICO,003,COYOACÁN,003-030,CULHUACAN CTM SECCION III,COLONIA,COYOACÁN > CULHUACAN CTM SECCION III (COLONIA),True,False,Polygon,2026-07-05
09,CIUDAD DE MÉXICO,003,COYOACÁN,003-031,CULHUACAN CTM SECCION IX-A,COLONIA,COYOACÁN > CULHUACAN CTM SECCION IX-A (COLONIA),True,False,Polygon,2026-07-05
09,CIUDAD DE MÉXICO,003,COYOACÁN,003-032,CULHUACAN CTM SECCION IX-B,COLONIA,COYOACÁN > CULHUACAN CTM SECCION IX-B (COLONIA),True,False,Polygon,2026-07-05
09,CIUDAD DE MÉXICO,003,COYOACÁN,003-033,CULHUACAN CTM SECCION PILOTO,COLONIA,COYOACÁN > CULHUACAN CTM SECCION PILOTO (COLONIA),True,False,Polygon,2026-07-05
09,CIUDAD DE MÉXICO,003,COYOACÁN,003-034,CULHUACAN CTM SECCION V,COLONIA,COYOACÁN > CULHUACAN CTM SECCION V (COLONIA),True,False,Polygon,2026-07-05
09,CIUDAD DE MÉXICO,003,COYOACÁN,003-035,CULHUACAN CTM SECCION VI,COLONIA,COYOACÁN > CULHUACAN CTM SECCION VI (COLONIA),True,False,Polygon,2026-07-05
09,CIUDAD DE MÉXICO,003,COYOACÁN,003-036,CULHUACAN CTM SECCION VII,COLONIA,COYOACÁN > CULHUACAN CTM SECCION VII (COLONIA),True,False,Polygon,2026-07-05
09,CIUDAD DE MÉXICO,003,COYOACÁN,003-037,CULHUACAN CTM SECCION VIII,COLONIA,COYOACÁN > CULHUACAN CTM SECCION VIII (COLONIA),True,False,Polygon,2026-07-05
09,CIUDAD DE MÉXICO,003,COYOACÁN,003-038,CULHUACAN CTM SECCION X-A,COLONIA,COYOACÁN > CULHUACAN CTM SECCION X-A (COLONIA),True,False,Polygon,2026-07-05
09,CIUDAD DE MÉXICO,003,COYOACÁN,003-039,DEL CARMEN,COLONIA,COYOACÁN > DEL CARMEN (COLONIA),True,False,Polygon,2026-07-05
09,CIUDAD DE MÉXICO,003,COYOACÁN,003-040,EDUCACION,COLONIA,COYOACÁN > EDUCACION (COLONIA),True,False,Polygon,2026-07-05
09,CIUDAD DE MÉXICO,003,COYOACÁN,003-041,EL CARACOL,COLONIA,COYOACÁN > EL CARACOL (COLONIA),True,False,Polygon,2026-07-05
09,CIUDAD DE MÉXICO,003,COYOACÁN,003-042,EL CENTINELA,COLONIA,COYOACÁN > EL CENTINELA (COLONIA),True,False,Polygon,2026-07-05
09,CIUDAD DE MÉXICO,003,COYOACÁN,003-043,EL MIRADOR,COLONIA,COYOACÁN > EL MIRADOR (COLONIA),True,False,Polygon,2026-07-05
09,CIUDAD DE MÉXICO,003,COYOACÁN,003-044,EL PARQUE DE COYOACAN,COLONIA,COYOACÁN > EL PARQUE DE COYOACAN (COLONIA),True,False,Polygon,2026-07-05
09,CIUDAD DE MÉXICO,003,COYOACÁN,003-045,EL RELOJ,COLONIA,COYOACÁN > EL RELOJ (COLONIA),True,False,Polygon,2026-07-05
09,CIUDAD DE MÉXICO,003,COYOACÁN,003-046,EL ROSARIO,COLONIA,COYOACÁN > EL ROSARIO (COLONIA),True,False,Polygon,2026-07-05
09,CIUDAD DE MÉXICO,003,COYOACÁN,003-047,EL ROSEDAL,COLONIA,COYOACÁN > EL ROSEDAL (COLONIA),True,False,Polygon,2026-07-05
09,CIUDAD DE MÉXICO,003,COYOACÁN,003-048,EMILIANO ZAPATA,COLONIA,COYOACÁN > EMILIANO ZAPATA (COLONIA),True,False,Polygon,2026-07-05
09,CIUDAD DE MÉXICO,003,COYOACÁN,003-049,EMILIANO ZAPATA FRACCIONAMIENTO POPULAR,COLONIA,COYOACÁN > EMILIANO ZAPATA FRACCIONAMIENTO POPULAR (COLONIA),True,False,Polygon,2026-07-05
09,CIUDAD DE MÉXICO,003,COYOACÁN,003-050,ESPARTACO,COLONIA,COYOACÁN > ESPARTACO (COLONIA),True,False,Polygon,2026-07-05
09,CIUDAD DE MÉXICO,003,COYOACÁN,003-051,EX-EJIDO DE SAN FRANCISCO CULHUACAN,COLONIA,COYOACÁN > EX-EJIDO DE SAN FRANCISCO CULHUACAN (COLONIA),True,False,Polygon,2026-07-05
09,CIUDAD DE MÉXICO,003,COYOACÁN,003-052,EX EJIDO DE SANTA URSULA COAPA,COLONIA,COYOACÁN > EX EJIDO DE SANTA URSULA COAPA (COLONIA),True,False,Polygon,2026-07-05
09,CIUDAD DE MÉXICO,003,COYOACÁN,003-053,EX EJIDO SAN PABLO TEPETLAPA,COLONIA,COYOACÁN > EX EJIDO SAN PABLO TEPETLAPA (COLONIA),True,False,Polygon,2026-07-05
09,CIUDAD DE MÉXICO,003,COYOACÁN,003-054,EX HACIENDA COAPA,COLONIA,COYOACÁN > EX HACIENDA COAPA (COLONIA),True,False,Polygon,2026-07-05
09,CIUDAD DE MÉXICO,003,COYOACÁN,003-055,HACIENDAS DE COYOACAN,COLONIA,COYOACÁN > HACIENDAS DE COYOACAN (COLONIA),True,False,Polygon,2026-07-05
09,CIUDAD DE MÉXICO,003,COYOACÁN,003-056,HERMOSILLO,COLONIA,COYOACÁN > HERMOSILLO (COLONIA),True,False,Polygon,2026-07-05
09,CIUDAD DE MÉXICO,003,COYOACÁN,003-057,HUAYAMILPAS,COLONIA,COYOACÁN > HUAYAMILPAS (COLONIA),True,False,Polygon,2026-07-05
09,CIUDAD DE MÉXICO,003,COYOACÁN,003-058,INSURGENTES CUICUILCO,COLONIA,COYOACÁN > INSURGENTES CUICUILCO (COLONIA),True,False,Polygon,2026-07-05
09,CIUDAD DE MÉXICO,003,COYOACÁN,003-059,JARDINES DE COYOACAN,COLONIA,COYOACÁN > JARDINES DE COYOACAN (COLONIA),True,False,Polygon,2026-07-05
09,CIUDAD DE MÉXICO,003,COYOACÁN,003-060,JARDINES DEL PEDREGAL DE SAN ANGEL,COLONIA,COYOACÁN > JARDINES DEL PEDREGAL DE SAN ANGEL (COLONIA),True,False,Polygon,2026-07-05
09,CIUDAD DE MÉXICO,003,COYOACÁN,003-061,JOYAS DEL PEDREGAL,COLONIA,COYOACÁN > JOYAS DEL PEDREGAL (COLONIA),True,False,Polygon,2026-07-05
09,CIUDAD DE MÉXICO,003,COYOACÁN,003-062,LA OTRA BANDA,COLONIA,COYOACÁN > LA OTRA BANDA (COLONIA),True,False,Polygon,2026-07-05
09,CIUDAD DE MÉXICO,003,COYOACÁN,003-063,LAS CAMPANAS,COLONIA,COYOACÁN > LAS CAMPANAS (COLONIA),True,False,Polygon,2026-07-05
09,CIUDAD DE MÉXICO,003,COYOACÁN,003-064,LOS CEDROS,COLONIA,COYOACÁN > LOS CEDROS (COLONIA),True,False,Polygon,2026-07-05
09,CIUDAD DE MÉXICO,003,COYOACÁN,003-065,LOS CIPRESES,COLONIA,COYOACÁN > LOS CIPRESES (COLONIA),True,False,Polygon,2026-07-05
09,CIUDAD DE MÉXICO,003,COYOACÁN,003-066,LOS GIRASOLES,COLONIA,COYOACÁN > LOS GIRASOLES (COLONIA),True,False,Polygon,2026-07-05
09,CIUDAD DE MÉXICO,003,COYOACÁN,003-067,LOS OLIVOS,COLONIA,COYOACÁN > LOS OLIVOS (COLONIA),True,False,Polygon,2026-07-05
09,CIUDAD DE MÉXICO,003,COYOACÁN,003-068,LOS SAUCES,COLONIA,COYOACÁN > LOS SAUCES (COLONIA),True,False,Polygon,2026-07-05
09,CIUDAD DE MÉXICO,003,COYOACÁN,003-069,NUEVA DIAZ ORDAZ,COLONIA,COYOACÁN > NUEVA DIAZ ORDAZ (COLONIA),True,False,Polygon,2026-07-05
09,CIUDAD DE MÉXICO,003,COYOACÁN,003-070,OLIMPICA,COLONIA,COYOACÁN > OLIMPICA (COLONIA),True,False,Polygon,2026-07-05
09,CIUDAD DE MÉXICO,003,COYOACÁN,003-071,PARQUE SAN ANDRES,COLONIA,COYOACÁN > PARQUE SAN ANDRES (COLONIA),True,False,Polygon,2026-07-05
09,CIUDAD DE MÉXICO,003,COYOACÁN,003-072,PASEOS DE TAXQUEÑA,COLONIA,COYOACÁN > PASEOS DE TAXQUEÑA (COLONIA),True,False,Polygon,2026-07-05
09,CIUDAD DE MÉXICO,003,COYOACÁN,003-073,PEDREGAL DE CARRASCO,COLONIA,COYOACÁN > PEDREGAL DE CARRASCO (COLONIA),True,False,Polygon,2026-07-05
09,CIUDAD DE MÉXICO,003,COYOACÁN,003-074,PEDREGAL DE SANTA URSULA,COLONIA,COYOACÁN > PEDREGAL DE SANTA URSULA (COLONIA),True,False,Polygon,2026-07-05
09,CIUDAD DE MÉXICO,003,COYOACÁN,003-075,PEDREGAL DE SANTO DOMINGO,COLONIA,COYOACÁN > PEDREGAL DE SANTO DOMINGO (COLONIA),True,False,Polygon,2026-07-05
09,CIUDAD DE MÉXICO,003,COYOACÁN,003-076,PEDREGAL DE SN FRANCISCO,COLONIA,COYOACÁN > PEDREGAL DE SN FRANCISCO (COLONIA),True,False,Polygon,2026-07-05
09,CIUDAD DE MÉXICO,003,COYOACÁN,003-077,PETROLERA TAXQUEÑA,COLONIA,COYOACÁN > PETROLERA TAXQUEÑA (COLONIA),True,False,Polygon,2026-07-05
09,CIUDAD DE MÉXICO,003,COYOACÁN,003-078,PRADO CHURUBUSCO,COLONIA,COYOACÁN > PRADO CHURUBUSCO (COLONIA),True,False,Polygon,2026-07-05
09,CIUDAD DE MÉXICO,003,COYOACÁN,003-079,PRADOS DE COYOACAN,COLONIA,COYOACÁN > PRADOS DE COYOACAN (COLONIA),True,False,Polygon,2026-07-05
09,CIUDAD DE MÉXICO,003,COYOACÁN,003-080,PRADOS DE COYOACAN,COLONIA,COYOACÁN > PRADOS DE COYOACAN (COLONIA),True,False,Polygon,2026-07-05
09,CIUDAD DE MÉXICO,003,COYOACÁN,003-081,PRESIDENTES EJIDALES 1A SECCION,COLONIA,COYOACÁN > PRESIDENTES EJIDALES 1A SECCION (COLONIA),True,False,Polygon,2026-07-05
09,CIUDAD DE MÉXICO,003,COYOACÁN,003-082,PRESIDENTES EJIDALES 2A SECCION,COLONIA,COYOACÁN > PRESIDENTES EJIDALES 2A SECCION (COLONIA),True,False,Polygon,2026-07-05
09,CIUDAD DE MÉXICO,003,COYOACÁN,003-083,PUEBLO DE LOS REYES,PUEBLOS Y BARRIOS ORIGINARIOS,COYOACÁN > PUEBLO DE LOS REYES (PUEBLOS Y BARRIOS ORIGINARIOS),False,False,Polygon,2026-07-05
09,CIUDAD DE MÉXICO,003,COYOACÁN,003-084,PUEBLO DE SANTA URSULA COAPA,PUEBLOS Y BARRIOS ORIGINARIOS,COYOACÁN > PUEBLO DE SANTA URSULA COAPA (PUEBLOS Y BARRIOS ORIGINARIOS),False,False,Polygon,2026-07-05
09,CIUDAD DE MÉXICO,003,COYOACÁN,003-085,PUEBLO LA CANDELARIA,PUEBLOS Y BARRIOS ORIGINARIOS,COYOACÁN > PUEBLO LA CANDELARIA (PUEBLOS Y BARRIOS ORIGINARIOS),False,False,Polygon,2026-07-05
09,CIUDAD DE MÉXICO,003,COYOACÁN,003-086,PUEBLO SAN PABLO TEPETLAPA,PUEBLOS Y BARRIOS ORIGINARIOS,COYOACÁN > PUEBLO SAN PABLO TEPETLAPA (PUEBLOS Y BARRIOS ORIGINARIOS),False,False,Polygon,2026-07-05
09,CIUDAD DE MÉXICO,003,COYOACÁN,003-087,ROMERO DE TERREROS,COLONIA,COYOACÁN > ROMERO DE TERREROS (COLONIA),True,False,Polygon,2026-07-05
09,CIUDAD DE MÉXICO,003,COYOACÁN,003-088,SAN DIEGO CHURUBUSCO,COLONIA,COYOACÁN > SAN DIEGO CHURUBUSCO (COLONIA),True,False,Polygon,2026-07-05
09,CIUDAD DE MÉXICO,003,COYOACÁN,003-089,SAN FRANCISCO CULHUACAN BARRIO DE LA MAGDALENA,PUEBLOS Y BARRIOS ORIGINARIOS,COYOACÁN > SAN FRANCISCO CULHUACAN BARRIO DE LA MAGDALENA (PUEBLOS Y BARRIOS ORIGINARIOS),False,False,Polygon,2026-07-05
09,CIUDAD DE MÉXICO,003,COYOACÁN,003-090,SAN FRANCISCO CULHUACAN BARRIO DE SAN FRANCISCO,PUEBLOS Y BARRIOS ORIGINARIOS,COYOACÁN > SAN FRANCISCO CULHUACAN BARRIO DE SAN FRANCISCO (PUEBLOS Y BARRIOS ORIGINARIOS),False,False,Polygon,2026-07-05
09,CIUDAD DE MÉXICO,003,COYOACÁN,003-091,SAN FRANCISCO CULHUACAN BARRIO DE SAN JUAN,PUEBLOS Y BARRIOS ORIGINARIOS,COYOACÁN > SAN FRANCISCO CULHUACAN BARRIO DE SAN JUAN (PUEBLOS Y BARRIOS ORIGINARIOS),False,False,Polygon,2026-07-05
09,CIUDAD DE MÉXICO,003,COYOACÁN,003-092,SAN FRANCISCO CULHUACAN BARRIO DE SANTA ANA,PUEBLOS Y BARRIOS ORIGINARIOS,COYOACÁN > SAN FRANCISCO CULHUACAN BARRIO DE SANTA ANA (PUEBLOS Y BARRIOS ORIGINARIOS),False,False,Polygon,2026-07-05
09,CIUDAD DE MÉXICO,003,COYOACÁN,003-093,SAN MATEO,COLONIA,COYOACÁN > SAN MATEO (COLONIA),True,False,Polygon,2026-07-05
09,CIUDAD DE MÉXICO,003,COYOACÁN,003-094,SANTA CECILIA,COLONIA,COYOACÁN > SANTA CECILIA (COLONIA),True,False,Polygon,2026-07-05
09,CIUDAD DE MÉXICO,003,COYOACÁN,003-095,VIEJO EJIDO SANTA URSULA COAPA,COLONIA,COYOACÁN > VIEJO EJIDO SANTA URSULA COAPA (COLONIA),True,False,Polygon,2026-07-05
09,CIUDAD DE MÉXICO,003,COYOACÁN,003-096,VILLA COYOACAN,COLONIA,COYOACÁN > VILLA COYOACAN (COLONIA),True,False,Polygon,2026-07-05
09,CIUDAD DE MÉXICO,003,COYOACÁN,003-097,VILLA QUIETUD,COLONIA,COYOACÁN > VILLA QUIETUD (COLONIA),True,False,Polygon,2026-07-05
09,CIUDAD DE MÉXICO,003,COYOACÁN,003-098,XOTEPINGO,COLONIA,COYOACÁN > XOTEPINGO (COLONIA),True,False,Polygon,2026-07-05
09,CIUDAD DE MÉXICO,004,CUAJIMALPA DE MORELOS,004-001,1RO DE MAYO,COLONIA,CUAJIMALPA DE MORELOS > 1RO DE MAYO (COLONIA),True,False,Polygon,2026-07-05
09,CIUDAD DE MÉXICO,004,CUAJIMALPA DE MORELOS,004-002,ABDIAS GARCIA SOTO,COLONIA,CUAJIMALPA DE MORELOS > ABDIAS GARCIA SOTO (COLONIA),True,False,Polygon,2026-07-05
09,CIUDAD DE MÉXICO,004,CUAJIMALPA DE MORELOS,004-003,ADOLFO LOPEZ MATEOS,COLONIA,CUAJIMALPA DE MORELOS > ADOLFO LOPEZ MATEOS (COLONIA),True,False,Polygon,2026-07-05
09,CIUDAD DE MÉXICO,004,CUAJIMALPA DE MORELOS,004-004,AGUA BENDITA,COLONIA,CUAJIMALPA DE MORELOS > AGUA BENDITA (COLONIA),True,False,Polygon,2026-07-05
09,CIUDAD DE MÉXICO,004,CUAJIMALPA DE MORELOS,004-005,AHUATENCO,COLONIA,CUAJIMALPA DE MORELOS > AHUATENCO (COLONIA),True,False,Polygon,2026-07-05
09,CIUDAD DE MÉXICO,004,CUAJIMALPA DE MORELOS,004-006,AMADO NERVO,COLONIA,CUAJIMALPA DE MORELOS > AMADO NERVO (COLONIA),True,False,Polygon,2026-07-05
09,CIUDAD DE MÉXICO,004,CUAJIMALPA DE MORELOS,004-007,AMPLIACION EL YAQUI,COLONIA,CUAJIMALPA DE MORELOS > AMPLIACION EL YAQUI (COLONIA),True,False,Polygon,2026-07-05
09,CIUDAD DE MÉXICO,004,CUAJIMALPA DE MORELOS,004-008,AMPLIACION MEMETLA,COLONIA,CUAJIMALPA DE MORELOS > AMPLIACION MEMETLA (COLONIA),True,False,Polygon,2026-07-05
09,CIUDAD DE MÉXICO,004,CUAJIMALPA DE MORELOS,004-009,BOSQUES DE LAS LOMAS,COLONIA,CUAJIMALPA DE MORELOS > BOSQUES DE LAS LOMAS (COLONIA),True,False,Polygon,2026-07-05
09,CIUDAD DE MÉXICO,004,CUAJIMALPA DE MORELOS,004-010,CAMPESTRE PALO ALTO,COLONIA,CUAJIMALPA DE MORELOS > CAMPESTRE PALO ALTO (COLONIA),True,False,Polygon,2026-07-05
09,CIUDAD DE MÉXICO,004,CUAJIMALPA DE MORELOS,004-011,CONTADERO,COLONIA,CUAJIMALPA DE MORELOS > CONTADERO (COLONIA),True,False,Polygon,2026-07-05
09,CIUDAD DE MÉXICO,004,CUAJIMALPA DE MORELOS,004-012,COOPERATIVA PALO ALTO,COLONIA,CUAJIMALPA DE MORELOS > COOPERATIVA PALO ALTO (COLONIA),True,False,Polygon,2026-07-05
09,CIUDAD DE MÉXICO,004,CUAJIMALPA DE MORELOS,004-013,CRUZ BLANCA,COLONIA,CUAJIMALPA DE MORELOS > CRUZ BLANCA (COLONIA),True,False,Polygon,2026-07-05
09,CIUDAD DE MÉXICO,004,CUAJIMALPA DE MORELOS,004-014,CUAJIMALPA,COLONIA,CUAJIMALPA DE MORELOS > CUAJIMALPA (COLONIA),True,False,Polygon,2026-07-05
09,CIUDAD DE MÉXICO,004,CUAJIMALPA DE MORELOS,004-015,EL EBANO,COLONIA,CUAJIMALPA DE MORELOS > EL EBANO (COLONIA),True,False,Polygon,2026-07-05
09,CIUDAD DE MÉXICO,004,CUAJIMALPA DE MORELOS,004-016,EL MOLINITO,COLONIA,CUAJIMALPA DE MORELOS > EL MOLINITO (COLONIA),True,False,Polygon,2026-07-05
09,CIUDAD DE MÉXICO,004,CUAJIMALPA DE MORELOS,004-017,EL MOLINO,COLONIA,CUAJIMALPA DE MORELOS > EL MOLINO (COLONIA),True,False,Polygon,2026-07-05
09,CIUDAD DE MÉXICO,004,CUAJIMALPA DE MORELOS,004-018,EL TIANGUILLO,COLONIA,CUAJIMALPA DE MORELOS > EL TIANGUILLO (COLONIA),True,False,Polygon,2026-07-05
09,CIUDAD DE MÉXICO,004,CUAJIMALPA DE MORELOS,004-019,EL YAQUI,COLONIA,CUAJIMALPA DE MORELOS > EL YAQUI (COLONIA),True,False,Polygon,2026-07-05
09,CIUDAD DE MÉXICO,004,CUAJIMALPA DE MORELOS,004-020,GRANJAS NAVIDAD,COLONIA,CUAJIMALPA DE MORELOS > GRANJAS NAVIDAD (COLONIA),True,False,Polygon,2026-07-05
09,CIUDAD DE MÉXICO,004,CUAJIMALPA DE MORELOS,004-021,GRANJAS PALO ALTO,COLONIA,CUAJIMALPA DE MORELOS > GRANJAS PALO ALTO (COLONIA),True,False,Polygon,2026-07-05
09,CIUDAD DE MÉXICO,004,CUAJIMALPA DE MORELOS,004-022,JESUS DEL MONTE,COLONIA,CUAJIMALPA DE MORELOS > JESUS DEL MONTE (COLONIA),True,False,Polygon,2026-07-05
09,CIUDAD DE MÉXICO,004,CUAJIMALPA DE MORELOS,004-023,LA MANZANITA,COLONIA,CUAJIMALPA DE MORELOS > LA MANZANITA (COLONIA),True,False,Polygon,2026-07-05
09,CIUDAD DE MÉXICO,004,CUAJIMALPA DE MORELOS,004-024,LA PILA,COLONIA,CUAJIMALPA DE MORELOS > LA PILA (COLONIA),True,False,Polygon,2026-07-05
09,CIUDAD DE MÉXICO,004,CUAJIMALPA DE MORELOS,004-025,LA VENTA,COLONIA,CUAJIMALPA DE MORELOS > LA VENTA (COLONIA),True,False,Polygon,2026-07-05
09,CIUDAD DE MÉXICO,004,CUAJIMALPA DE MORELOS,004-026,LAS LAJAS,COLONIA,CUAJIMALPA DE MORELOS > LAS LAJAS (COLONIA),True,False,Polygon,2026-07-05
09,CIUDAD DE MÉXICO,004,CUAJIMALPA DE MORELOS,004-027,LAS MAROMAS,COLONIA,CUAJIMALPA DE MORELOS > LAS MAROMAS (COLONIA),True,False,Polygon,2026-07-05
09,CIUDAD DE MÉXICO,004,CUAJIMALPA DE MORELOS,004-028,LAS TINAJAS,COLONIA,CUAJIMALPA DE MORELOS > LAS TINAJAS (COLONIA),True,False,Polygon,2026-07-05
09,CIUDAD DE MÉXICO,004,CUAJIMALPA DE MORELOS,004-029,LOCAXCO,COLONIA,CUAJIMALPA DE MORELOS > LOCAXCO (COLONIA),True,False,Polygon,2026-07-05
09,CIUDAD DE MÉXICO,004,CUAJIMALPA DE MORELOS,004-030,LOMA DEL PADRE,COLONIA,CUAJIMALPA DE MORELOS > LOMA DEL PADRE (COLONIA),True,False,Polygon,2026-07-05
09,CIUDAD DE MÉXICO,004,CUAJIMALPA DE MORELOS,004-031,LOMAS DE MEMETLA,COLONIA,CUAJIMALPA DE MORELOS > LOMAS DE MEMETLA (COLONIA),True,False,Polygon,2026-07-05
09,CIUDAD DE MÉXICO,004,CUAJIMALPA DE MORELOS,004-032,LOMAS DE SN PEDRO,COLONIA,CUAJIMALPA DE MORELOS > LOMAS DE SN PEDRO (COLONIA),True,False,Polygon,2026-07-05
09,CIUDAD DE MÉXICO,004,CUAJIMALPA DE MORELOS,004-033,LOMAS DE VISTA HERMOSA,COLONIA,CUAJIMALPA DE MORELOS > LOMAS DE VISTA HERMOSA (COLONIA),True,False,Polygon,2026-07-05
09,CIUDAD DE MÉXICO,004,CUAJIMALPA DE MORELOS,004-034,MANZANASTITLA,COLONIA,CUAJIMALPA DE MORELOS > MANZANASTITLA (COLONIA),True,False,Polygon,2026-07-05
09,CIUDAD DE MÉXICO,004,CUAJIMALPA DE MORELOS,004-035,MEMETLA,COLONIA,CUAJIMALPA DE MORELOS > MEMETLA (COLONIA),True,False,Polygon,2026-07-05
09,CIUDAD DE MÉXICO,004,CUAJIMALPA DE MORELOS,004-036,PUEBLO SAN LORENZO ACOPILCO,PUEBLOS Y BARRIOS ORIGINARIOS,CUAJIMALPA DE MORELOS > PUEBLO SAN LORENZO ACOPILCO (PUEBLOS Y BARRIOS ORIGINARIOS),False,False,Polygon,2026-07-05
09,CIUDAD DE MÉXICO,004,CUAJIMALPA DE MORELOS,004-037,PUEBLO SAN MATEO TLALTENANGO,PUEBLOS Y BARRIOS ORIGINARIOS,CUAJIMALPA DE MORELOS > PUEBLO SAN MATEO TLALTENANGO (PUEBLOS Y BARRIOS ORIGINARIOS),False,False,Polygon,2026-07-05
09,CIUDAD DE MÉXICO,004,CUAJIMALPA DE MORELOS,004-038,PUEBLO SAN PABLO CHIMALPA,PUEBLOS Y BARRIOS ORIGINARIOS,CUAJIMALPA DE MORELOS > PUEBLO SAN PABLO CHIMALPA (PUEBLOS Y BARRIOS ORIGINARIOS),False,False,Polygon,2026-07-05
09,CIUDAD DE MÉXICO,004,CUAJIMALPA DE MORELOS,004-039,SAN JOSE DE LOS CEDROS,COLONIA,CUAJIMALPA DE MORELOS > SAN JOSE DE LOS CEDROS (COLONIA),True,False,Polygon,2026-07-05
09,CIUDAD DE MÉXICO,004,CUAJIMALPA DE MORELOS,004-040,SAN PEDRO,COLONIA,CUAJIMALPA DE MORELOS > SAN PEDRO (COLONIA),True,False,Polygon,2026-07-05
09,CIUDAD DE MÉXICO,004,CUAJIMALPA DE MORELOS,004-041,SANTA FE CUAJIMALPA,COLONIA,CUAJIMALPA DE MORELOS > SANTA FE CUAJIMALPA (COLONIA),True,False,Polygon,2026-07-05
09,CIUDAD DE MÉXICO,004,CUAJIMALPA DE MORELOS,004-042,TEPETONGO,COLONIA,CUAJIMALPA DE MORELOS > TEPETONGO (COLONIA),True,False,Polygon,2026-07-05
09,CIUDAD DE MÉXICO,004,CUAJIMALPA DE MORELOS,004-043,XALPA,COLONIA,CUAJIMALPA DE MORELOS > XALPA (COLONIA),True,False,Polygon,2026-07-05
09,CIUDAD DE MÉXICO,004,CUAJIMALPA DE MORELOS,004-044,ZACAMULPA,COLONIA,CUAJIMALPA DE MORELOS > ZACAMULPA (COLONIA),True,False,Polygon,2026-07-05
09,CIUDAD DE MÉXICO,004,CUAJIMALPA DE MORELOS,004-045,ZENTLAPATL,COLONIA,CUAJIMALPA DE MORELOS > ZENTLAPATL (COLONIA),True,False,Polygon,2026-07-05
09,CIUDAD DE MÉXICO,005,GUSTAVO A. MADERO,005-001,15 DE AGOSTO,COLONIA,GUSTAVO A. MADERO > 15 DE AGOSTO (COLONIA),True,False,Polygon,2026-07-05
09,CIUDAD DE MÉXICO,005,GUSTAVO A. MADERO,005-002,25 DE JULIO,COLONIA,GUSTAVO A. MADERO > 25 DE JULIO (COLONIA),True,False,Polygon,2026-07-05
09,CIUDAD DE MÉXICO,005,GUSTAVO A. MADERO,005-003,6 DE JUNIO,COLONIA,GUSTAVO A. MADERO > 6 DE JUNIO (COLONIA),True,False,Polygon,2026-07-05
09,CIUDAD DE MÉXICO,005,GUSTAVO A. MADERO,005-004,7 DE NOVIEMBRE,COLONIA,GUSTAVO A. MADERO > 7 DE NOVIEMBRE (COLONIA),True,False,Polygon,2026-07-05
09,CIUDAD DE MÉXICO,005,GUSTAVO A. MADERO,005-005,ACUEDUCTO DE GUADALUPE,COLONIA,GUSTAVO A. MADERO > ACUEDUCTO DE GUADALUPE (COLONIA),True,False,Polygon,2026-07-05
09,CIUDAD DE MÉXICO,005,GUSTAVO A. MADERO,005-006,AHUEHUETES,COLONIA,GUSTAVO A. MADERO > AHUEHUETES (COLONIA),True,False,Polygon,2026-07-05
09,CIUDAD DE MÉXICO,005,GUSTAVO A. MADERO,005-007,AMPLIACION ARBOLEDAS,COLONIA,GUSTAVO A. MADERO > AMPLIACION ARBOLEDAS (COLONIA),True,False,Polygon,2026-07-05
09,CIUDAD DE MÉXICO,005,GUSTAVO A. MADERO,005-008,AMPLIACION BENITO JUAREZ,COLONIA,GUSTAVO A. MADERO > AMPLIACION BENITO JUAREZ (COLONIA),True,False,Polygon,2026-07-05
09,CIUDAD DE MÉXICO,005,GUSTAVO A. MADERO,005-009,AMPLIACION CASAS ALEMAN,COLONIA,GUSTAVO A. MADERO > AMPLIACION CASAS ALEMAN (COLONIA),True,False,Polygon,2026-07-05
09,CIUDAD DE MÉXICO,005,GUSTAVO A. MADERO,005-010,AMPLIACION CASTILLO GRANDE,COLONIA,GUSTAVO A. MADERO > AMPLIACION CASTILLO GRANDE (COLONIA),True,False,Polygon,2026-07-05
09,CIUDAD DE MÉXICO,005,GUSTAVO A. MADERO,005-011,AMPLIACION CHALMA DE GUADALUPE,COLONIA,GUSTAVO A. MADERO > AMPLIACION CHALMA DE GUADALUPE (COLONIA),True,False,Polygon,2026-07-05
09,CIUDAD DE MÉXICO,005,GUSTAVO A. MADERO,005-012,AMPLIACION COCOYOTES,COLONIA,GUSTAVO A. MADERO > AMPLIACION COCOYOTES (COLONIA),True,False,Polygon,2026-07-05
09,CIUDAD DE MÉXICO,005,GUSTAVO A. MADERO,005-013,AMPLIACION EMILIANO ZAPATA,COLONIA,GUSTAVO A. MADERO > AMPLIACION EMILIANO ZAPATA (COLONIA),True,False,Polygon,2026-07-05
09,CIUDAD DE MÉXICO,005,GUSTAVO A. MADERO,005-014,AMPLIACION GABRIEL HERNANDEZ,COLONIA,GUSTAVO A. MADERO > AMPLIACION GABRIEL HERNANDEZ (COLONIA),True,False,Polygon,2026-07-05
09,CIUDAD DE MÉXICO,005,GUSTAVO A. MADERO,005-015,AMPLIACION GUADALUPE PROLETARIA,COLONIA,GUSTAVO A. MADERO > AMPLIACION GUADALUPE PROLETARIA (COLONIA),True,False,Polygon,2026-07-05
09,CIUDAD DE MÉXICO,005,GUSTAVO A. MADERO,005-016,AMPLIACION MALACATES,COLONIA,GUSTAVO A. MADERO > AMPLIACION MALACATES (COLONIA),True,False,Polygon,2026-07-05
09,CIUDAD DE MÉXICO,005,GUSTAVO A. MADERO,005-017,AMPLIACION MARTIRES DE RIO BLANCO,COLONIA,GUSTAVO A. MADERO > AMPLIACION MARTIRES DE RIO BLANCO (COLONIA),True,False,Polygon,2026-07-05
09,CIUDAD DE MÉXICO,005,GUSTAVO A. MADERO,005-018,AMPLIACION PANAMERICANA,COLONIA,GUSTAVO A. MADERO > AMPLIACION PANAMERICANA (COLONIA),True,False,Polygon,2026-07-05
09,CIUDAD DE MÉXICO,005,GUSTAVO A. MADERO,005-019,AMPLIACION PROGRESO NACIONAL,COLONIA,GUSTAVO A. MADERO > AMPLIACION PROGRESO NACIONAL (COLONIA),True,False,Polygon,2026-07-05
09,CIUDAD DE MÉXICO,005,GUSTAVO A. MADERO,005-020,AMPLIACION PROVIDENCIA,COLONIA,GUSTAVO A. MADERO > AMPLIACION PROVIDENCIA (COLONIA),True,False,Polygon,2026-07-05
09,CIUDAD DE MÉXICO,005,GUSTAVO A. MADERO,005-021,AMPLIACION SAN JUAN DE ARAGON,COLONIA,GUSTAVO A. MADERO > AMPLIACION SAN JUAN DE ARAGON (COLONIA),True,False,Polygon,2026-07-05
09,CIUDAD DE MÉXICO,005,GUSTAVO A. MADERO,005-022,ARAGON INGUARAN,COLONIA,GUSTAVO A. MADERO > ARAGON INGUARAN (COLONIA),True,False,Polygon,2026-07-05
09,CIUDAD DE MÉXICO,005,GUSTAVO A. MADERO,005-023,ARAGON LA VILLA,COLONIA,GUSTAVO A. MADERO > ARAGON LA VILLA (COLONIA),True,False,Polygon,2026-07-05
09,CIUDAD DE MÉXICO,005,GUSTAVO A. MADERO,005-024,ARBOLEDAS,COLONIA,GUSTAVO A. MADERO > ARBOLEDAS (COLONIA),True,False,Polygon,2026-07-05
09,CIUDAD DE MÉXICO,005,GUSTAVO A. MADERO,005-025,BARRIO CANDELARIA TICOMAN,PUEBLOS Y BARRIOS ORIGINARIOS,GUSTAVO A. MADERO > BARRIO CANDELARIA TICOMAN (PUEBLOS Y BARRIOS ORIGINARIOS),False,False,Polygon,2026-07-05
09,CIUDAD DE MÉXICO,005,GUSTAVO A. MADERO,005-026,BARRIO GUADALUPE TICOMAN,PUEBLOS Y BARRIOS ORIGINARIOS,GUSTAVO A. MADERO > BARRIO GUADALUPE TICOMAN (PUEBLOS Y BARRIOS ORIGINARIOS),False,False,Polygon,2026-07-05
09,CIUDAD DE MÉXICO,005,GUSTAVO A. MADERO,005-027,BARRIO LA LAGUNA TICOMAN,PUEBLOS Y BARRIOS ORIGINARIOS,GUSTAVO A. MADERO > BARRIO LA LAGUNA TICOMAN (PUEBLOS Y BARRIOS ORIGINARIOS),False,False,Polygon,2026-07-05
09,CIUDAD DE MÉXICO,005,GUSTAVO A. MADERO,005-028,BARRIO LA PURISIMA TICOMAN,PUEBLOS Y BARRIOS ORIGINARIOS,GUSTAVO A. MADERO > BARRIO LA PURISIMA TICOMAN (PUEBLOS Y BARRIOS ORIGINARIOS),False,False,Polygon,2026-07-05
09,CIUDAD DE MÉXICO,005,GUSTAVO A. MADERO,005-029,BARRIO SAN JUAN Y GUADALUPE TICOMAN,PUEBLOS Y BARRIOS ORIGINARIOS,GUSTAVO A. MADERO > BARRIO SAN JUAN Y GUADALUPE TICOMAN (PUEBLOS Y BARRIOS ORIGINARIOS),False,False,Polygon,2026-07-05
09,CIUDAD DE MÉXICO,005,GUSTAVO A. MADERO,005-030,BARRIO SAN RAFAEL TICOMAN,PUEBLOS Y BARRIOS ORIGINARIOS,GUSTAVO A. MADERO > BARRIO SAN RAFAEL TICOMAN (PUEBLOS Y BARRIOS ORIGINARIOS),False,False,Polygon,2026-07-05
09,CIUDAD DE MÉXICO,005,GUSTAVO A. MADERO,005-031,BELISARIO DOMINGUEZ,COLONIA,GUSTAVO A. MADERO > BELISARIO DOMINGUEZ (COLONIA),True,False,Polygon,2026-07-05
09,CIUDAD DE MÉXICO,005,GUSTAVO A. MADERO,005-032,BENITO JUAREZ,COLONIA,GUSTAVO A. MADERO > BENITO JUAREZ (COLONIA),True,False,Polygon,2026-07-05
09,CIUDAD DE MÉXICO,005,GUSTAVO A. MADERO,005-033,BONDOJITO,COLONIA,GUSTAVO A. MADERO > BONDOJITO (COLONIA),True,False,Polygon,2026-07-05
09,CIUDAD DE MÉXICO,005,GUSTAVO A. MADERO,005-034,C T M ARAGON,COLONIA,GUSTAVO A. MADERO > C T M ARAGON (COLONIA),True,False,Polygon,2026-07-05
09,CIUDAD DE MÉXICO,005,GUSTAVO A. MADERO,005-035,C T M ATZACOALCO,COLONIA,GUSTAVO A. MADERO > C T M ATZACOALCO (COLONIA),True,False,Polygon,2026-07-05
09,CIUDAD DE MÉXICO,005,GUSTAVO A. MADERO,005-036,C T M EL RISCO,COLONIA,GUSTAVO A. MADERO > C T M EL RISCO (COLONIA),True,False,Polygon,2026-07-05
09,CIUDAD DE MÉXICO,005,GUSTAVO A. MADERO,005-037,CAMPESTRE ARAGON,COLONIA,GUSTAVO A. MADERO > CAMPESTRE ARAGON (COLONIA),True,False,Polygon,2026-07-05
09,CIUDAD DE MÉXICO,005,GUSTAVO A. MADERO,005-038,CAPULTITLAN,COLONIA,GUSTAVO A. MADERO > CAPULTITLAN (COLONIA),True,False,Polygon,2026-07-05
09,CIUDAD DE MÉXICO,005,GUSTAVO A. MADERO,005-039,CASTILLO CHICO,COLONIA,GUSTAVO A. MADERO > CASTILLO CHICO (COLONIA),True,False,Polygon,2026-07-05
09,CIUDAD DE MÉXICO,005,GUSTAVO A. MADERO,005-040,CASTILLO GRANDE,COLONIA,GUSTAVO A. MADERO > CASTILLO GRANDE (COLONIA),True,False,Polygon,2026-07-05
09,CIUDAD DE MÉXICO,005,GUSTAVO A. MADERO,005-041,CERRO DEL GUERRERO,COLONIA,GUSTAVO A. MADERO > CERRO DEL GUERRERO (COLONIA),True,False,Polygon,2026-07-05
09,CIUDAD DE MÉXICO,005,GUSTAVO A. MADERO,005-042,CERRO LOS GACHUPINES,COLONIA,GUSTAVO A. MADERO > CERRO LOS GACHUPINES (COLONIA),True,False,Polygon,2026-07-05
09,CIUDAD DE MÉXICO,005,GUSTAVO A. MADERO,005-043,CHALMA DE GUADALUPE,COLONIA,GUSTAVO A. MADERO > CHALMA DE GUADALUPE (COLONIA),True,False,Polygon,2026-07-05
09,CIUDAD DE MÉXICO,005,GUSTAVO A. MADERO,005-044,CHURUBUSCO TEPEYAC,COLONIA,GUSTAVO A. MADERO > CHURUBUSCO TEPEYAC (COLONIA),True,False,Polygon,2026-07-05
09,CIUDAD DE MÉXICO,005,GUSTAVO A. MADERO,005-045,COCOYOTES,COLONIA,GUSTAVO A. MADERO > COCOYOTES (COLONIA),True,False,Polygon,2026-07-05
09,CIUDAD DE MÉXICO,005,GUSTAVO A. MADERO,005-046,COMPOSITORES MEXICANOS,COLONIA,GUSTAVO A. MADERO > COMPOSITORES MEXICANOS (COLONIA),True,False,Polygon,2026-07-05
09,CIUDAD DE MÉXICO,005,GUSTAVO A. MADERO,005-047,CONSTITUCION DE LA REPUBLICA,COLONIA,GUSTAVO A. MADERO > CONSTITUCION DE LA REPUBLICA (COLONIA),True,False,Polygon,2026-07-05
09,CIUDAD DE MÉXICO,005,GUSTAVO A. MADERO,005-048,CUAUTEPEC BARRIO ALTO,PUEBLOS Y BARRIOS ORIGINARIOS,GUSTAVO A. MADERO > CUAUTEPEC BARRIO ALTO (PUEBLOS Y BARRIOS ORIGINARIOS),False,False,Polygon,2026-07-05
09,CIUDAD DE MÉXICO,005,GUSTAVO A. MADERO,005-049,CUAUTEPEC DE MADERO,COLONIA,GUSTAVO A. MADERO > CUAUTEPEC DE MADERO (COLONIA),True,False,Polygon,2026-07-05
09,CIUDAD DE MÉXICO,005,GUSTAVO A. MADERO,005-050,CUCHILLA DEL TESORO,COLONIA,GUSTAVO A. MADERO > CUCHILLA DEL TESORO (COLONIA),True,False,Polygon,2026-07-05
09,CIUDAD DE MÉXICO,005,GUSTAVO A. MADERO,005-051,CUCHILLA LA JOYA,COLONIA,GUSTAVO A. MADERO > CUCHILLA LA JOYA (COLONIA),True,False,Polygon,2026-07-05
09,CIUDAD DE MÉXICO,005,GUSTAVO A. MADERO,005-052,D M NACIONAL,COLONIA,GUSTAVO A. MADERO > D M NACIONAL (COLONIA),True,False,Polygon,2026-07-05
09,CIUDAD DE MÉXICO,005,GUSTAVO A. MADERO,005-053,DEFENSORES DE LA REPUBLICA,COLONIA,GUSTAVO A. MADERO > DEFENSORES DE LA REPUBLICA (COLONIA),True,False,Polygon,2026-07-05
09,CIUDAD DE MÉXICO,005,GUSTAVO A. MADERO,005-054,DEL BOSQUE,COLONIA,GUSTAVO A. MADERO > DEL BOSQUE (COLONIA),True,False,Polygon,2026-07-05
09,CIUDAD DE MÉXICO,005,GUSTAVO A. MADERO,005-055,DEL CARMEN,COLONIA,GUSTAVO A. MADERO > DEL CARMEN (COLONIA),True,False,Polygon,2026-07-05
09,CIUDAD DE MÉXICO,005,GUSTAVO A. MADERO,005-056,DEL OBRERO,COLONIA,GUSTAVO A. MADERO > DEL OBRERO (COLONIA),True,False,Polygon,2026-07-05
09,CIUDAD DE MÉXICO,005,GUSTAVO A. MADERO,005-057,DINAMITA,COLONIA,GUSTAVO A. MADERO > DINAMITA (COLONIA),True,False,Polygon,2026-07-05
09,CIUDAD DE MÉXICO,005,GUSTAVO A. MADERO,005-058,EL ARBOLILLO,COLONIA,GUSTAVO A. MADERO > EL ARBOLILLO (COLONIA),True,False,Polygon,2026-07-05
09,CIUDAD DE MÉXICO,005,GUSTAVO A. MADERO,005-059,EL COYOL,COLONIA,GUSTAVO A. MADERO > EL COYOL (COLONIA),True,False,Polygon,2026-07-05
09,CIUDAD DE MÉXICO,005,GUSTAVO A. MADERO,005-060,EL OLIVO,COLONIA,GUSTAVO A. MADERO > EL OLIVO (COLONIA),True,False,Polygon,2026-07-05
09,CIUDAD DE MÉXICO,005,GUSTAVO A. MADERO,005-061,EL TEPETATAL,COLONIA,GUSTAVO A. MADERO > EL TEPETATAL (COLONIA),True,False,Polygon,2026-07-05
09,CIUDAD DE MÉXICO,005,GUSTAVO A. MADERO,005-062,EMILIANO ZAPATA,COLONIA,GUSTAVO A. MADERO > EMILIANO ZAPATA (COLONIA),True,False,Polygon,2026-07-05
09,CIUDAD DE MÉXICO,005,GUSTAVO A. MADERO,005-063,ESTANZUELA,COLONIA,GUSTAVO A. MADERO > ESTANZUELA (COLONIA),True,False,Polygon,2026-07-05
09,CIUDAD DE MÉXICO,005,GUSTAVO A. MADERO,005-064,ESTRELLA,COLONIA,GUSTAVO A. MADERO > ESTRELLA (COLONIA),True,False,Polygon,2026-07-05
09,CIUDAD DE MÉXICO,005,GUSTAVO A. MADERO,005-065,EX EJIDO SAN JUAN DE ARAGON SECTOR 32,COLONIA,GUSTAVO A. MADERO > EX EJIDO SAN JUAN DE ARAGON SECTOR 32 (COLONIA),True,False,Polygon,2026-07-05
09,CIUDAD DE MÉXICO,005,GUSTAVO A. MADERO,005-066,EX EJIDO SAN JUAN DE ARAGON SECTOR 33,COLONIA,GUSTAVO A. MADERO > EX EJIDO SAN JUAN DE ARAGON SECTOR 33 (COLONIA),True,False,Polygon,2026-07-05
09,CIUDAD DE MÉXICO,005,GUSTAVO A. MADERO,005-067,EX ESCUELA DE TIRO,COLONIA,GUSTAVO A. MADERO > EX ESCUELA DE TIRO (COLONIA),True,False,Polygon,2026-07-05
09,CIUDAD DE MÉXICO,005,GUSTAVO A. MADERO,005-068,FAJA DE ORO,COLONIA,GUSTAVO A. MADERO > FAJA DE ORO (COLONIA),True,False,Polygon,2026-07-05
09,CIUDAD DE MÉXICO,005,GUSTAVO A. MADERO,005-069,FERNANDO CASAS ALEMAN,COLONIA,GUSTAVO A. MADERO > FERNANDO CASAS ALEMAN (COLONIA),True,False,Polygon,2026-07-05
09,CIUDAD DE MÉXICO,005,GUSTAVO A. MADERO,005-070,FERROCARRILERA,COLONIA,GUSTAVO A. MADERO > FERROCARRILERA (COLONIA),True,False,Polygon,2026-07-05
09,CIUDAD DE MÉXICO,005,GUSTAVO A. MADERO,005-071,FORESTAL,COLONIA,GUSTAVO A. MADERO > FORESTAL (COLONIA),True,False,Polygon,2026-07-05
09,CIUDAD DE MÉXICO,005,GUSTAVO A. MADERO,005-072,FORESTAL I,COLONIA,GUSTAVO A. MADERO > FORESTAL I (COLONIA),True,False,Polygon,2026-07-05
09,CIUDAD DE MÉXICO,005,GUSTAVO A. MADERO,005-073,FORESTAL II,COLONIA,GUSTAVO A. MADERO > FORESTAL II (COLONIA),True,False,Polygon,2026-07-05
09,CIUDAD DE MÉXICO,005,GUSTAVO A. MADERO,005-074,GABRIEL HERNANDEZ,COLONIA,GUSTAVO A. MADERO > GABRIEL HERNANDEZ (COLONIA),True,False,Polygon,2026-07-05
09,CIUDAD DE MÉXICO,005,GUSTAVO A. MADERO,005-075,GENERAL FELIPE BERRIOZABAL,COLONIA,GUSTAVO A. MADERO > GENERAL FELIPE BERRIOZABAL (COLONIA),True,False,Polygon,2026-07-05
09,CIUDAD DE MÉXICO,005,GUSTAVO A. MADERO,005-076,GERTRUDIS SANCHEZ 1A SECCION,COLONIA,GUSTAVO A. MADERO > GERTRUDIS SANCHEZ 1A SECCION (COLONIA),True,False,Polygon,2026-07-05
09,CIUDAD DE MÉXICO,005,GUSTAVO A. MADERO,005-077,GERTRUDIS SANCHEZ 2A SECCION,COLONIA,GUSTAVO A. MADERO > GERTRUDIS SANCHEZ 2A SECCION (COLONIA),True,False,Polygon,2026-07-05
09,CIUDAD DE MÉXICO,005,GUSTAVO A. MADERO,005-078,GERTRUDIS SANCHEZ 3A SECCION,COLONIA,GUSTAVO A. MADERO > GERTRUDIS SANCHEZ 3A SECCION (COLONIA),True,False,Polygon,2026-07-05
09,CIUDAD DE MÉXICO,005,GUSTAVO A. MADERO,005-079,GRANJAS MODERNAS,COLONIA,GUSTAVO A. MADERO > GRANJAS MODERNAS (COLONIA),True,False,Polygon,2026-07-05
09,CIUDAD DE MÉXICO,005,GUSTAVO A. MADERO,005-080,GUADALUPE INSURGENTES,COLONIA,GUSTAVO A. MADERO > GUADALUPE INSURGENTES (COLONIA),True,False,Polygon,2026-07-05
09,CIUDAD DE MÉXICO,005,GUSTAVO A. MADERO,005-081,GUADALUPE PROLETARIA,COLONIA,GUSTAVO A. MADERO > GUADALUPE PROLETARIA (COLONIA),True,False,Polygon,2026-07-05
09,CIUDAD DE MÉXICO,005,GUSTAVO A. MADERO,005-082,GUADALUPE TEPEYAC,COLONIA,GUSTAVO A. MADERO > GUADALUPE TEPEYAC (COLONIA),True,False,Polygon,2026-07-05
09,CIUDAD DE MÉXICO,005,GUSTAVO A. MADERO,005-083,GUADALUPE VICTORIA,COLONIA,GUSTAVO A. MADERO > GUADALUPE VICTORIA (COLONIA),True,False,Polygon,2026-07-05
09,CIUDAD DE MÉXICO,005,GUSTAVO A. MADERO,005-084,GUADALUPE VICTORIA CUAUTEPEC,COLONIA,GUSTAVO A. MADERO > GUADALUPE VICTORIA CUAUTEPEC (COLONIA),True,False,Polygon,2026-07-05
09,CIUDAD DE MÉXICO,005,GUSTAVO A. MADERO,005-085,HEROE DE NACOZARI,COLONIA,GUSTAVO A. MADERO > HEROE DE NACOZARI (COLONIA),True,False,Polygon,2026-07-05
09,CIUDAD DE MÉXICO,005,GUSTAVO A. MADERO,005-086,HEROES DE CERRO PRIETO,COLONIA,GUSTAVO A. MADERO > HEROES DE CERRO PRIETO (COLONIA),True,False,Polygon,2026-07-05
09,CIUDAD DE MÉXICO,005,GUSTAVO A. MADERO,005-087,HEROES DE CHAPULTEPEC,COLONIA,GUSTAVO A. MADERO > HEROES DE CHAPULTEPEC (COLONIA),True,False,Polygon,2026-07-05
09,CIUDAD DE MÉXICO,005,GUSTAVO A. MADERO,005-088,INDECO,COLONIA,GUSTAVO A. MADERO > INDECO (COLONIA),True,False,Polygon,2026-07-05
09,CIUDAD DE MÉXICO,005,GUSTAVO A. MADERO,005-089,INDUSTRIAL,COLONIA,GUSTAVO A. MADERO > INDUSTRIAL (COLONIA),True,False,Polygon,2026-07-05
09,CIUDAD DE MÉXICO,005,GUSTAVO A. MADERO,005-090,JORGE NEGRETE,COLONIA,GUSTAVO A. MADERO > JORGE NEGRETE (COLONIA),True,False,Polygon,2026-07-05
09,CIUDAD DE MÉXICO,005,GUSTAVO A. MADERO,005-091,JUAN GONZALEZ ROMERO,COLONIA,GUSTAVO A. MADERO > JUAN GONZALEZ ROMERO (COLONIA),True,False,Polygon,2026-07-05
09,CIUDAD DE MÉXICO,005,GUSTAVO A. MADERO,005-092,JUVENTINO ROSAS,COLONIA,GUSTAVO A. MADERO > JUVENTINO ROSAS (COLONIA),True,False,Polygon,2026-07-05
09,CIUDAD DE MÉXICO,005,GUSTAVO A. MADERO,005-093,LA CASILDA,COLONIA,GUSTAVO A. MADERO > LA CASILDA (COLONIA),True,False,Polygon,2026-07-05
09,CIUDAD DE MÉXICO,005,GUSTAVO A. MADERO,005-094,LA CRUZ,COLONIA,GUSTAVO A. MADERO > LA CRUZ (COLONIA),True,False,Polygon,2026-07-05
09,CIUDAD DE MÉXICO,005,GUSTAVO A. MADERO,005-095,LA ESMERALDA,COLONIA,GUSTAVO A. MADERO > LA ESMERALDA (COLONIA),True,False,Polygon,2026-07-05
09,CIUDAD DE MÉXICO,005,GUSTAVO A. MADERO,005-096,LA JOYA,COLONIA,GUSTAVO A. MADERO > LA JOYA (COLONIA),True,False,Polygon,2026-07-05
09,CIUDAD DE MÉXICO,005,GUSTAVO A. MADERO,005-097,LA JOYITA,COLONIA,GUSTAVO A. MADERO > LA JOYITA (COLONIA),True,False,Polygon,2026-07-05
09,CIUDAD DE MÉXICO,005,GUSTAVO A. MADERO,005-098,LA LENGUETA,COLONIA,GUSTAVO A. MADERO > LA LENGUETA (COLONIA),True,False,Polygon,2026-07-05
09,CIUDAD DE MÉXICO,005,GUSTAVO A. MADERO,005-099,LA MALINCHE,COLONIA,GUSTAVO A. MADERO > LA MALINCHE (COLONIA),True,False,Polygon,2026-07-05
09,CIUDAD DE MÉXICO,005,GUSTAVO A. MADERO,005-100,LA PASTORA,COLONIA,GUSTAVO A. MADERO > LA PASTORA (COLONIA),True,False,Polygon,2026-07-05
09,CIUDAD DE MÉXICO,005,GUSTAVO A. MADERO,005-101,LA PRADERA,COLONIA,GUSTAVO A. MADERO > LA PRADERA (COLONIA),True,False,Polygon,2026-07-05
09,CIUDAD DE MÉXICO,005,GUSTAVO A. MADERO,005-102,LI LEGISLATURA,COLONIA,GUSTAVO A. MADERO > LI LEGISLATURA (COLONIA),True,False,Polygon,2026-07-05
09,CIUDAD DE MÉXICO,005,GUSTAVO A. MADERO,005-103,LINDAVISTA NORTE,COLONIA,GUSTAVO A. MADERO > LINDAVISTA NORTE (COLONIA),True,False,Polygon,2026-07-05
09,CIUDAD DE MÉXICO,005,GUSTAVO A. MADERO,005-104,LINDAVISTA SUR,COLONIA,GUSTAVO A. MADERO > LINDAVISTA SUR (COLONIA),True,False,Polygon,2026-07-05
09,CIUDAD DE MÉXICO,005,GUSTAVO A. MADERO,005-105,LINDAVISTA VALLEJO 1A SECCION,COLONIA,GUSTAVO A. MADERO > LINDAVISTA VALLEJO 1A SECCION (COLONIA),True,False,Polygon,2026-07-05
09,CIUDAD DE MÉXICO,005,GUSTAVO A. MADERO,005-106,LINDAVISTA VALLEJO 2A SECCION,COLONIA,GUSTAVO A. MADERO > LINDAVISTA VALLEJO 2A SECCION (COLONIA),True,False,Polygon,2026-07-05
09,CIUDAD DE MÉXICO,005,GUSTAVO A. MADERO,005-107,LINDAVISTA VALLEJO 3A SECCION,COLONIA,GUSTAVO A. MADERO > LINDAVISTA VALLEJO 3A SECCION (COLONIA),True,False,Polygon,2026-07-05
09,CIUDAD DE MÉXICO,005,GUSTAVO A. MADERO,005-108,LOMA LA PALMA,COLONIA,GUSTAVO A. MADERO > LOMA LA PALMA (COLONIA),True,False,Polygon,2026-07-05
09,CIUDAD DE MÉXICO,005,GUSTAVO A. MADERO,005-109,LOMAS DE CUAUTEPEC,COLONIA,GUSTAVO A. MADERO > LOMAS DE CUAUTEPEC (COLONIA),True,False,Polygon,2026-07-05
09,CIUDAD DE MÉXICO,005,GUSTAVO A. MADERO,005-110,LUIS DONALDO COLOSIO,COLONIA,GUSTAVO A. MADERO > LUIS DONALDO COLOSIO (COLONIA),True,False,Polygon,2026-07-05
09,CIUDAD DE MÉXICO,005,GUSTAVO A. MADERO,005-111,MAGDALENA DE LAS SALINAS,COLONIA,GUSTAVO A. MADERO > MAGDALENA DE LAS SALINAS (COLONIA),True,False,Polygon,2026-07-05
09,CIUDAD DE MÉXICO,005,GUSTAVO A. MADERO,005-112,MALACATES,COLONIA,GUSTAVO A. MADERO > MALACATES (COLONIA),True,False,Polygon,2026-07-05
09,CIUDAD DE MÉXICO,005,GUSTAVO A. MADERO,005-113,MARTIN CARRERA,COLONIA,GUSTAVO A. MADERO > MARTIN CARRERA (COLONIA),True,False,Polygon,2026-07-05
09,CIUDAD DE MÉXICO,005,GUSTAVO A. MADERO,005-114,MARTIRES DE RIO BLANCO,COLONIA,GUSTAVO A. MADERO > MARTIRES DE RIO BLANCO (COLONIA),True,False,Polygon,2026-07-05
09,CIUDAD DE MÉXICO,005,GUSTAVO A. MADERO,005-115,MAXIMINO AVILA CAMACHO,COLONIA,GUSTAVO A. MADERO > MAXIMINO AVILA CAMACHO (COLONIA),True,False,Polygon,2026-07-05
09,CIUDAD DE MÉXICO,005,GUSTAVO A. MADERO,005-116,MONTEVIDEO,COLONIA,GUSTAVO A. MADERO > MONTEVIDEO (COLONIA),True,False,Polygon,2026-07-05
09,CIUDAD DE MÉXICO,005,GUSTAVO A. MADERO,005-117,NARCISO BASSOLS,COLONIA,GUSTAVO A. MADERO > NARCISO BASSOLS (COLONIA),True,False,Polygon,2026-07-05
09,CIUDAD DE MÉXICO,005,GUSTAVO A. MADERO,005-118,NUEVA ATZACOALCO,COLONIA,GUSTAVO A. MADERO > NUEVA ATZACOALCO (COLONIA),True,False,Polygon,2026-07-05
09,CIUDAD DE MÉXICO,005,GUSTAVO A. MADERO,005-119,NUEVA INDUSTRIAL VALLEJO,COLONIA,GUSTAVO A. MADERO > NUEVA INDUSTRIAL VALLEJO (COLONIA),True,False,Polygon,2026-07-05
09,CIUDAD DE MÉXICO,005,GUSTAVO A. MADERO,005-120,NUEVA TENOCHTITLAN,COLONIA,GUSTAVO A. MADERO > NUEVA TENOCHTITLAN (COLONIA),True,False,Polygon,2026-07-05
09,CIUDAD DE MÉXICO,005,GUSTAVO A. MADERO,005-121,NUEVA VALLEJO,COLONIA,GUSTAVO A. MADERO > NUEVA VALLEJO (COLONIA),True,False,Polygon,2026-07-05
09,CIUDAD DE MÉXICO,005,GUSTAVO A. MADERO,005-122,PALMATITLA,COLONIA,GUSTAVO A. MADERO > PALMATITLA (COLONIA),True,False,Polygon,2026-07-05
09,CIUDAD DE MÉXICO,005,GUSTAVO A. MADERO,005-123,PANAMERICANA,COLONIA,GUSTAVO A. MADERO > PANAMERICANA (COLONIA),True,False,Polygon,2026-07-05
09,CIUDAD DE MÉXICO,005,GUSTAVO A. MADERO,005-124,PARQUE METROPOLITANO,COLONIA,GUSTAVO A. MADERO > PARQUE METROPOLITANO (COLONIA),True,False,Polygon,2026-07-05
09,CIUDAD DE MÉXICO,005,GUSTAVO A. MADERO,005-125,PLANETARIO LINDAVISTA,COLONIA,GUSTAVO A. MADERO > PLANETARIO LINDAVISTA (COLONIA),True,False,Polygon,2026-07-05
09,CIUDAD DE MÉXICO,005,GUSTAVO A. MADERO,005-126,PRADERA 2A SECCION,COLONIA,GUSTAVO A. MADERO > PRADERA 2A SECCION (COLONIA),True,False,Polygon,2026-07-05
09,CIUDAD DE MÉXICO,005,GUSTAVO A. MADERO,005-127,PRADOS DE CUAUTEPEC,COLONIA,GUSTAVO A. MADERO > PRADOS DE CUAUTEPEC (COLONIA),True,False,Polygon,2026-07-05
09,CIUDAD DE MÉXICO,005,GUSTAVO A. MADERO,005-128,PROGRESO NACIONAL,COLONIA,GUSTAVO A. MADERO > PROGRESO NACIONAL (COLONIA),True,False,Polygon,2026-07-05
09,CIUDAD DE MÉXICO,005,GUSTAVO A. MADERO,005-129,PROVIDENCIA,COLONIA,GUSTAVO A. MADERO > PROVIDENCIA (COLONIA),True,False,Polygon,2026-07-05
09,CIUDAD DE MÉXICO,005,GUSTAVO A. MADERO,005-130,PUEBLO DE SANTIAGO ATZACOALCO,PUEBLOS Y BARRIOS ORIGINARIOS,GUSTAVO A. MADERO > PUEBLO DE SANTIAGO ATZACOALCO (PUEBLOS Y BARRIOS ORIGINARIOS),False,False,Polygon,2026-07-05
09,CIUDAD DE MÉXICO,005,GUSTAVO A. MADERO,005-131,PUEBLO SAN JUAN DE ARAGON,PUEBLOS Y BARRIOS ORIGINARIOS,GUSTAVO A. MADERO > PUEBLO SAN JUAN DE ARAGON (PUEBLOS Y BARRIOS ORIGINARIOS),False,False,Polygon,2026-07-05
09,CIUDAD DE MÉXICO,005,GUSTAVO A. MADERO,005-132,RESIDENCIAL ACUEDUCTO DE GUADALUPE,COLONIA,GUSTAVO A. MADERO > RESIDENCIAL ACUEDUCTO DE GUADALUPE (COLONIA),True,False,Polygon,2026-07-05
09,CIUDAD DE MÉXICO,005,GUSTAVO A. MADERO,005-133,RESIDENCIAL LA ESCALERA,COLONIA,GUSTAVO A. MADERO > RESIDENCIAL LA ESCALERA (COLONIA),True,False,Polygon,2026-07-05
09,CIUDAD DE MÉXICO,005,GUSTAVO A. MADERO,005-134,RESIDENCIAL ZACATENCO,COLONIA,GUSTAVO A. MADERO > RESIDENCIAL ZACATENCO (COLONIA),True,False,Polygon,2026-07-05
09,CIUDAD DE MÉXICO,005,GUSTAVO A. MADERO,005-135,ROSAS DEL TEPEYAC,COLONIA,GUSTAVO A. MADERO > ROSAS DEL TEPEYAC (COLONIA),True,False,Polygon,2026-07-05
09,CIUDAD DE MÉXICO,005,GUSTAVO A. MADERO,005-136,SALVADOR DIAZ MIRON,COLONIA,GUSTAVO A. MADERO > SALVADOR DIAZ MIRON (COLONIA),True,False,Polygon,2026-07-05
09,CIUDAD DE MÉXICO,005,GUSTAVO A. MADERO,005-137,SAN ANTONIO,COLONIA,GUSTAVO A. MADERO > SAN ANTONIO (COLONIA),True,False,Polygon,2026-07-05
09,CIUDAD DE MÉXICO,005,GUSTAVO A. MADERO,005-138,SAN BARTOLO ATEPEHUACAN,COLONIA,GUSTAVO A. MADERO > SAN BARTOLO ATEPEHUACAN (COLONIA),True,False,Polygon,2026-07-05
09,CIUDAD DE MÉXICO,005,GUSTAVO A. MADERO,005-139,SAN FELIPE DE JESUS,COLONIA,GUSTAVO A. MADERO > SAN FELIPE DE JESUS (COLONIA),True,False,Polygon,2026-07-05
09,CIUDAD DE MÉXICO,005,GUSTAVO A. MADERO,005-140,SAN JOSE DE LA ESCALERA,COLONIA,GUSTAVO A. MADERO > SAN JOSE DE LA ESCALERA (COLONIA),True,False,Polygon,2026-07-05
09,CIUDAD DE MÉXICO,005,GUSTAVO A. MADERO,005-141,SAN JOSE TICOMAN,COLONIA,GUSTAVO A. MADERO > SAN JOSE TICOMAN (COLONIA),True,False,Polygon,2026-07-05
09,CIUDAD DE MÉXICO,005,GUSTAVO A. MADERO,005-142,SAN JUAN DE ARAGON,COLONIA,GUSTAVO A. MADERO > SAN JUAN DE ARAGON (COLONIA),True,False,Polygon,2026-07-05
09,CIUDAD DE MÉXICO,005,GUSTAVO A. MADERO,005-143,SAN JUAN DE ARAGON I SECCION,COLONIA,GUSTAVO A. MADERO > SAN JUAN DE ARAGON I SECCION (COLONIA),True,False,Polygon,2026-07-05
09,CIUDAD DE MÉXICO,005,GUSTAVO A. MADERO,005-144,SAN JUAN DE ARAGON II SECCION,COLONIA,GUSTAVO A. MADERO > SAN JUAN DE ARAGON II SECCION (COLONIA),True,False,Polygon,2026-07-05
09,CIUDAD DE MÉXICO,005,GUSTAVO A. MADERO,005-145,SAN JUAN DE ARAGON III SECCION,COLONIA,GUSTAVO A. MADERO > SAN JUAN DE ARAGON III SECCION (COLONIA),True,False,Polygon,2026-07-05
09,CIUDAD DE MÉXICO,005,GUSTAVO A. MADERO,005-146,SAN JUAN DE ARAGON IV SECCION,COLONIA,GUSTAVO A. MADERO > SAN JUAN DE ARAGON IV SECCION (COLONIA),True,False,Polygon,2026-07-05
09,CIUDAD DE MÉXICO,005,GUSTAVO A. MADERO,005-147,SAN JUAN DE ARAGON V SECCION,COLONIA,GUSTAVO A. MADERO > SAN JUAN DE ARAGON V SECCION (COLONIA),True,False,Polygon,2026-07-05
09,CIUDAD DE MÉXICO,005,GUSTAVO A. MADERO,005-148,SAN JUAN DE ARAGON VI SECCION,COLONIA,GUSTAVO A. MADERO > SAN JUAN DE ARAGON VI SECCION (COLONIA),True,False,Polygon,2026-07-05
09,CIUDAD DE MÉXICO,005,GUSTAVO A. MADERO,005-149,SAN JUAN DE ARAGON VII SECCION,COLONIA,GUSTAVO A. MADERO > SAN JUAN DE ARAGON VII SECCION (COLONIA),True,False,Polygon,2026-07-05
09,CIUDAD DE MÉXICO,005,GUSTAVO A. MADERO,005-150,SAN MIGUEL,COLONIA,GUSTAVO A. MADERO > SAN MIGUEL (COLONIA),True,False,Polygon,2026-07-05
09,CIUDAD DE MÉXICO,005,GUSTAVO A. MADERO,005-151,SAN PEDRO EL CHICO,COLONIA,GUSTAVO A. MADERO > SAN PEDRO EL CHICO (COLONIA),True,False,Polygon,2026-07-05
09,CIUDAD DE MÉXICO,005,GUSTAVO A. MADERO,005-152,SAN PEDRO ZACATENCO,COLONIA,GUSTAVO A. MADERO > SAN PEDRO ZACATENCO (COLONIA),True,False,Polygon,2026-07-05
09,CIUDAD DE MÉXICO,005,GUSTAVO A. MADERO,005-153,SANTA ISABEL TOLA,COLONIA,GUSTAVO A. MADERO > SANTA ISABEL TOLA (COLONIA),True,False,Polygon,2026-07-05
09,CIUDAD DE MÉXICO,005,GUSTAVO A. MADERO,005-154,SANTA MARIA TICOMAN,COLONIA,GUSTAVO A. MADERO > SANTA MARIA TICOMAN (COLONIA),True,False,Polygon,2026-07-05
09,CIUDAD DE MÉXICO,005,GUSTAVO A. MADERO,005-155,SANTA ROSA,COLONIA,GUSTAVO A. MADERO > SANTA ROSA (COLONIA),True,False,Polygon,2026-07-05
09,CIUDAD DE MÉXICO,005,GUSTAVO A. MADERO,005-156,SANTIAGO ATEPETLAC,COLONIA,GUSTAVO A. MADERO > SANTIAGO ATEPETLAC (COLONIA),True,False,Polygon,2026-07-05
09,CIUDAD DE MÉXICO,005,GUSTAVO A. MADERO,005-157,SIETE MARAVILLAS,COLONIA,GUSTAVO A. MADERO > SIETE MARAVILLAS (COLONIA),True,False,Polygon,2026-07-05
09,CIUDAD DE MÉXICO,005,GUSTAVO A. MADERO,005-158,SOLIDARIDAD NACIONAL,COLONIA,GUSTAVO A. MADERO > SOLIDARIDAD NACIONAL (COLONIA),True,False,Polygon,2026-07-05
09,CIUDAD DE MÉXICO,005,GUSTAVO A. MADERO,005-159,TABLAS DE SAN AGUSTIN,COLONIA,GUSTAVO A. MADERO > TABLAS DE SAN AGUSTIN (COLONIA),True,False,Polygon,2026-07-05
09,CIUDAD DE MÉXICO,005,GUSTAVO A. MADERO,005-160,TEPETATES,COLONIA,GUSTAVO A. MADERO > TEPETATES (COLONIA),True,False,Polygon,2026-07-05
09,CIUDAD DE MÉXICO,005,GUSTAVO A. MADERO,005-161,TEPEYAC INSURGENTES,COLONIA,GUSTAVO A. MADERO > TEPEYAC INSURGENTES (COLONIA),True,False,Polygon,2026-07-05
09,CIUDAD DE MÉXICO,005,GUSTAVO A. MADERO,005-162,TLACAELEL,COLONIA,GUSTAVO A. MADERO > TLACAELEL (COLONIA),True,False,Polygon,2026-07-05
09,CIUDAD DE MÉXICO,005,GUSTAVO A. MADERO,005-163,TLACAMACA,COLONIA,GUSTAVO A. MADERO > TLACAMACA (COLONIA),True,False,Polygon,2026-07-05
09,CIUDAD DE MÉXICO,005,GUSTAVO A. MADERO,005-164,TLALPEXCO,COLONIA,GUSTAVO A. MADERO > TLALPEXCO (COLONIA),True,False,Polygon,2026-07-05
09,CIUDAD DE MÉXICO,005,GUSTAVO A. MADERO,005-165,TORRES LINDAVISTA,COLONIA,GUSTAVO A. MADERO > TORRES LINDAVISTA (COLONIA),True,False,Polygon,2026-07-05
09,CIUDAD DE MÉXICO,005,GUSTAVO A. MADERO,005-166,TRES ESTRELLAS,COLONIA,GUSTAVO A. MADERO > TRES ESTRELLAS (COLONIA),True,False,Polygon,2026-07-05
09,CIUDAD DE MÉXICO,005,GUSTAVO A. MADERO,005-167,TRIUNFO DE LA REPUBLICA,COLONIA,GUSTAVO A. MADERO > TRIUNFO DE LA REPUBLICA (COLONIA),True,False,Polygon,2026-07-05
09,CIUDAD DE MÉXICO,005,GUSTAVO A. MADERO,005-168,U.HABIT. CUCHILLA DEL TESORO,COLONIA,GUSTAVO A. MADERO > U.HABIT. CUCHILLA DEL TESORO (COLONIA),True,False,Polygon,2026-07-05
09,CIUDAD DE MÉXICO,005,GUSTAVO A. MADERO,005-169,VALLE DE MADERO,COLONIA,GUSTAVO A. MADERO > VALLE DE MADERO (COLONIA),True,False,Polygon,2026-07-05
09,CIUDAD DE MÉXICO,005,GUSTAVO A. MADERO,005-170,VALLE DEL TEPEYAC,COLONIA,GUSTAVO A. MADERO > VALLE DEL TEPEYAC (COLONIA),True,False,Polygon,2026-07-05
09,CIUDAD DE MÉXICO,005,GUSTAVO A. MADERO,005-171,VALLEJO,COLONIA,GUSTAVO A. MADERO > VALLEJO (COLONIA),True,False,Polygon,2026-07-05
09,CIUDAD DE MÉXICO,005,GUSTAVO A. MADERO,005-172,VALLEJO PONIENTE,COLONIA,GUSTAVO A. MADERO > VALLEJO PONIENTE (COLONIA),True,False,Polygon,2026-07-05
09,CIUDAD DE MÉXICO,005,GUSTAVO A. MADERO,005-173,VASCO DE QUIROGA,COLONIA,GUSTAVO A. MADERO > VASCO DE QUIROGA (COLONIA),True,False,Polygon,2026-07-05
09,CIUDAD DE MÉXICO,005,GUSTAVO A. MADERO,005-174,VILLA DE ARAGON,COLONIA,GUSTAVO A. MADERO > VILLA DE ARAGON (COLONIA),True,False,Polygon,2026-07-05
09,CIUDAD DE MÉXICO,005,GUSTAVO A. MADERO,005-175,VILLA GUSTAVO A MADERO,COLONIA,GUSTAVO A. MADERO > VILLA GUSTAVO A MADERO (COLONIA),True,False,Polygon,2026-07-05
09,CIUDAD DE MÉXICO,005,GUSTAVO A. MADERO,005-176,VILLA HERMOSA,COLONIA,GUSTAVO A. MADERO > VILLA HERMOSA (COLONIA),True,False,Polygon,2026-07-05
09,CIUDAD DE MÉXICO,005,GUSTAVO A. MADERO,005-177,VISTA HERMOSA,COLONIA,GUSTAVO A. MADERO > VISTA HERMOSA (COLONIA),True,False,Polygon,2026-07-05
09,CIUDAD DE MÉXICO,005,GUSTAVO A. MADERO,005-178,ZONA ESCOLAR,COLONIA,GUSTAVO A. MADERO > ZONA ESCOLAR (COLONIA),True,False,Polygon,2026-07-05
09,CIUDAD DE MÉXICO,005,GUSTAVO A. MADERO,005-179,ZONA ESCOLAR ORIENTE,COLONIA,GUSTAVO A. MADERO > ZONA ESCOLAR ORIENTE (COLONIA),True,False,Polygon,2026-07-05
09,CIUDAD DE MÉXICO,006,IZTACALCO,006-001,AGRICOLA ORIENTAL,COLONIA,IZTACALCO > AGRICOLA ORIENTAL (COLONIA),True,False,Polygon,2026-07-05
09,CIUDAD DE MÉXICO,006,IZTACALCO,006-002,AGRICOLA PANTITLAN,COLONIA,IZTACALCO > AGRICOLA PANTITLAN (COLONIA),True,False,Polygon,2026-07-05
09,CIUDAD DE MÉXICO,006,IZTACALCO,006-003,AMPLIACION GABRIEL RAMOS MILLAN,COLONIA,IZTACALCO > AMPLIACION GABRIEL RAMOS MILLAN (COLONIA),True,False,Polygon,2026-07-05
09,CIUDAD DE MÉXICO,006,IZTACALCO,006-004,BARRIO LA ASUNCION,PUEBLOS Y BARRIOS ORIGINARIOS,IZTACALCO > BARRIO LA ASUNCION (PUEBLOS Y BARRIOS ORIGINARIOS),False,False,Polygon,2026-07-05
09,CIUDAD DE MÉXICO,006,IZTACALCO,006-005,BARRIO LOS REYES,PUEBLOS Y BARRIOS ORIGINARIOS,IZTACALCO > BARRIO LOS REYES (PUEBLOS Y BARRIOS ORIGINARIOS),False,False,Polygon,2026-07-05
09,CIUDAD DE MÉXICO,006,IZTACALCO,006-006,BARRIO SAN FRANCISCO XICALTONGO,PUEBLOS Y BARRIOS ORIGINARIOS,IZTACALCO > BARRIO SAN FRANCISCO XICALTONGO (PUEBLOS Y BARRIOS ORIGINARIOS),False,False,Polygon,2026-07-05
09,CIUDAD DE MÉXICO,006,IZTACALCO,006-007,BARRIO SAN MIGUEL,PUEBLOS Y BARRIOS ORIGINARIOS,IZTACALCO > BARRIO SAN MIGUEL (PUEBLOS Y BARRIOS ORIGINARIOS),False,False,Polygon,2026-07-05
09,CIUDAD DE MÉXICO,006,IZTACALCO,006-008,BARRIO SAN PEDRO,PUEBLOS Y BARRIOS ORIGINARIOS,IZTACALCO > BARRIO SAN PEDRO (PUEBLOS Y BARRIOS ORIGINARIOS),False,False,Polygon,2026-07-05
09,CIUDAD DE MÉXICO,006,IZTACALCO,006-009,BARRIO SANTA CRUZ,PUEBLOS Y BARRIOS ORIGINARIOS,IZTACALCO > BARRIO SANTA CRUZ (PUEBLOS Y BARRIOS ORIGINARIOS),False,False,Polygon,2026-07-05
09,CIUDAD DE MÉXICO,006,IZTACALCO,006-010,BARRIO SANTIAGO NORTE,PUEBLOS Y BARRIOS ORIGINARIOS,IZTACALCO > BARRIO SANTIAGO NORTE (PUEBLOS Y BARRIOS ORIGINARIOS),False,False,Polygon,2026-07-05
09,CIUDAD DE MÉXICO,006,IZTACALCO,006-011,BARRIO SANTIAGO SUR,PUEBLOS Y BARRIOS ORIGINARIOS,IZTACALCO > BARRIO SANTIAGO SUR (PUEBLOS Y BARRIOS ORIGINARIOS),False,False,Polygon,2026-07-05
09,CIUDAD DE MÉXICO,006,IZTACALCO,006-012,BARRIO ZAPOTLA,PUEBLOS Y BARRIOS ORIGINARIOS,IZTACALCO > BARRIO ZAPOTLA (PUEBLOS Y BARRIOS ORIGINARIOS),False,False,Polygon,2026-07-05
09,CIUDAD DE MÉXICO,006,IZTACALCO,006-013,CAMPAMENTO 2 DE OCTUBRE,COLONIA,IZTACALCO > CAMPAMENTO 2 DE OCTUBRE (COLONIA),True,False,Polygon,2026-07-05
09,CIUDAD DE MÉXICO,006,IZTACALCO,006-014,CARLOS ZAPATA VELA,COLONIA,IZTACALCO > CARLOS ZAPATA VELA (COLONIA),True,False,Polygon,2026-07-05
09,CIUDAD DE MÉXICO,006,IZTACALCO,006-015,CUCHILLA AGRICOLA ORIENTAL,COLONIA,IZTACALCO > CUCHILLA AGRICOLA ORIENTAL (COLONIA),True,False,Polygon,2026-07-05
09,CIUDAD DE MÉXICO,006,IZTACALCO,006-016,EL RODEO,COLONIA,IZTACALCO > EL RODEO (COLONIA),True,False,Polygon,2026-07-05
09,CIUDAD DE MÉXICO,006,IZTACALCO,006-017,EX-EJIDO LA MAGDALENA MIXHUCA,COLONIA,IZTACALCO > EX-EJIDO LA MAGDALENA MIXHUCA (COLONIA),True,False,Polygon,2026-07-05
09,CIUDAD DE MÉXICO,006,IZTACALCO,006-018,FRACCIONAMIENTO COYUYA,COLONIA,IZTACALCO > FRACCIONAMIENTO COYUYA (COLONIA),True,False,Polygon,2026-07-05
09,CIUDAD DE MÉXICO,006,IZTACALCO,006-019,GABRIEL RAMOS MILLAN,COLONIA,IZTACALCO > GABRIEL RAMOS MILLAN (COLONIA),True,False,Polygon,2026-07-05
09,CIUDAD DE MÉXICO,006,IZTACALCO,006-020,GABRIEL RAMOS MILLAN SECC TLACOTAL,COLONIA,IZTACALCO > GABRIEL RAMOS MILLAN SECC TLACOTAL (COLONIA),True,False,Polygon,2026-07-05
09,CIUDAD DE MÉXICO,006,IZTACALCO,006-021,GABRIEL RAMOS MILLAN SECCION BRAMADERO,COLONIA,IZTACALCO > GABRIEL RAMOS MILLAN SECCION BRAMADERO (COLONIA),True,False,Polygon,2026-07-05
09,CIUDAD DE MÉXICO,006,IZTACALCO,006-022,GABRIEL RAMOS MILLAN SECCION CUCHILLA,COLONIA,IZTACALCO > GABRIEL RAMOS MILLAN SECCION CUCHILLA (COLONIA),True,False,Polygon,2026-07-05
09,CIUDAD DE MÉXICO,006,IZTACALCO,006-023,GRANJAS MEXICO,COLONIA,IZTACALCO > GRANJAS MEXICO (COLONIA),True,False,Polygon,2026-07-05
09,CIUDAD DE MÉXICO,006,IZTACALCO,006-024,INFONAVIT IZTACALCO,COLONIA,IZTACALCO > INFONAVIT IZTACALCO (COLONIA),True,False,Polygon,2026-07-05
09,CIUDAD DE MÉXICO,006,IZTACALCO,006-025,INPI PICOS,COLONIA,IZTACALCO > INPI PICOS (COLONIA),True,False,Polygon,2026-07-05
09,CIUDAD DE MÉXICO,006,IZTACALCO,006-026,JARDINES TECMA,COLONIA,IZTACALCO > JARDINES TECMA (COLONIA),True,False,Polygon,2026-07-05
09,CIUDAD DE MÉXICO,006,IZTACALCO,006-027,JUVENTINO ROSAS,COLONIA,IZTACALCO > JUVENTINO ROSAS (COLONIA),True,False,Polygon,2026-07-05
09,CIUDAD DE MÉXICO,006,IZTACALCO,006-028,LA CRUZ,COLONIA,IZTACALCO > LA CRUZ (COLONIA),True,False,Polygon,2026-07-05
09,CIUDAD DE MÉXICO,006,IZTACALCO,006-029,LOS PICOS DE IZTACALCO SECCION 1 A,COLONIA,IZTACALCO > LOS PICOS DE IZTACALCO SECCION 1 A (COLONIA),True,False,Polygon,2026-07-05
09,CIUDAD DE MÉXICO,006,IZTACALCO,006-030,LOS PICOS DE IZTACALCO SECCION 1 B,COLONIA,IZTACALCO > LOS PICOS DE IZTACALCO SECCION 1 B (COLONIA),True,False,Polygon,2026-07-05
09,CIUDAD DE MÉXICO,006,IZTACALCO,006-031,LOS PICOS DE IZTACALCO SECCION 2 A,COLONIA,IZTACALCO > LOS PICOS DE IZTACALCO SECCION 2 A (COLONIA),True,False,Polygon,2026-07-05
09,CIUDAD DE MÉXICO,006,IZTACALCO,006-032,MILITAR MARTE,COLONIA,IZTACALCO > MILITAR MARTE (COLONIA),True,False,Polygon,2026-07-05
09,CIUDAD DE MÉXICO,006,IZTACALCO,006-033,NUEVA SANTA ANITA,COLONIA,IZTACALCO > NUEVA SANTA ANITA (COLONIA),True,False,Polygon,2026-07-05
09,CIUDAD DE MÉXICO,006,IZTACALCO,006-034,REFORMA IZTACCIHUATL NORTE,COLONIA,IZTACALCO > REFORMA IZTACCIHUATL NORTE (COLONIA),True,False,Polygon,2026-07-05
09,CIUDAD DE MÉXICO,006,IZTACALCO,006-035,REFORMA IZTACCIHUATL SUR,COLONIA,IZTACALCO > REFORMA IZTACCIHUATL SUR (COLONIA),True,False,Polygon,2026-07-05
09,CIUDAD DE MÉXICO,006,IZTACALCO,006-036,SANTA ANITA,COLONIA,IZTACALCO > SANTA ANITA (COLONIA),True,False,Polygon,2026-07-05
09,CIUDAD DE MÉXICO,006,IZTACALCO,006-037,TLAZINTLA,COLONIA,IZTACALCO > TLAZINTLA (COLONIA),True,False,Polygon,2026-07-05
09,CIUDAD DE MÉXICO,006,IZTACALCO,006-038,VIADUCTO PIEDAD,COLONIA,IZTACALCO > VIADUCTO PIEDAD (COLONIA),True,False,Polygon,2026-07-05
09,CIUDAD DE MÉXICO,007,IZTAPALAPA,007-001,12 DE DICIEMBRE,COLONIA,IZTAPALAPA > 12 DE DICIEMBRE (COLONIA),True,False,Polygon,2026-07-05
09,CIUDAD DE MÉXICO,007,IZTAPALAPA,007-002,ALBARRADA,COLONIA,IZTAPALAPA > ALBARRADA (COLONIA),True,False,Polygon,2026-07-05
09,CIUDAD DE MÉXICO,007,IZTAPALAPA,007-003,ALVARO OBREGON,COLONIA,IZTAPALAPA > ALVARO OBREGON (COLONIA),True,False,Polygon,2026-07-05
09,CIUDAD DE MÉXICO,007,IZTAPALAPA,007-004,AMPLIACION BELLAVISTA,COLONIA,IZTAPALAPA > AMPLIACION BELLAVISTA (COLONIA),True,False,Polygon,2026-07-05
09,CIUDAD DE MÉXICO,007,IZTAPALAPA,007-005,AMPLIACION EL SANTUARIO,COLONIA,IZTAPALAPA > AMPLIACION EL SANTUARIO (COLONIA),True,False,Polygon,2026-07-05
09,CIUDAD DE MÉXICO,007,IZTAPALAPA,007-006,AMPLIACION EL TRIUNFO,COLONIA,IZTAPALAPA > AMPLIACION EL TRIUNFO (COLONIA),True,False,Polygon,2026-07-05
09,CIUDAD DE MÉXICO,007,IZTAPALAPA,007-007,AMPLIACION EMILIANO ZAPATA,COLONIA,IZTAPALAPA > AMPLIACION EMILIANO ZAPATA (COLONIA),True,False,Polygon,2026-07-05
09,CIUDAD DE MÉXICO,007,IZTAPALAPA,007-008,AMPLIACION LOS REYES,COLONIA,IZTAPALAPA > AMPLIACION LOS REYES (COLONIA),True,False,Polygon,2026-07-05
09,CIUDAD DE MÉXICO,007,IZTAPALAPA,007-009,AMPLIACION PARAJE SAN JUAN,COLONIA,IZTAPALAPA > AMPLIACION PARAJE SAN JUAN (COLONIA),True,False,Polygon,2026-07-05
09,CIUDAD DE MÉXICO,007,IZTAPALAPA,007-010,AMPLIACION RICARDO FLORES MAGON,COLONIA,IZTAPALAPA > AMPLIACION RICARDO FLORES MAGON (COLONIA),True,False,Polygon,2026-07-05
09,CIUDAD DE MÉXICO,007,IZTAPALAPA,007-011,AMPLIACION SAN MIGUEL,COLONIA,IZTAPALAPA > AMPLIACION SAN MIGUEL (COLONIA),True,False,Polygon,2026-07-05
09,CIUDAD DE MÉXICO,007,IZTAPALAPA,007-012,AMPLIACION SANTA MARIA AZTAHUACAN,COLONIA,IZTAPALAPA > AMPLIACION SANTA MARIA AZTAHUACAN (COLONIA),True,False,Polygon,2026-07-05
09,CIUDAD DE MÉXICO,007,IZTAPALAPA,007-013,AMPLIACION SINATEL,COLONIA,IZTAPALAPA > AMPLIACION SINATEL (COLONIA),True,False,Polygon,2026-07-05
09,CIUDAD DE MÉXICO,007,IZTAPALAPA,007-014,AMPLIACION VERACRUZANA,COLONIA,IZTAPALAPA > AMPLIACION VERACRUZANA (COLONIA),True,False,Polygon,2026-07-05
09,CIUDAD DE MÉXICO,007,IZTAPALAPA,007-015,AÑO DE JUAREZ,COLONIA,IZTAPALAPA > AÑO DE JUAREZ (COLONIA),True,False,Polygon,2026-07-05
09,CIUDAD DE MÉXICO,007,IZTAPALAPA,007-016,APATLACO,COLONIA,IZTAPALAPA > APATLACO (COLONIA),True,False,Polygon,2026-07-05
09,CIUDAD DE MÉXICO,007,IZTAPALAPA,007-017,BANJIDAL,COLONIA,IZTAPALAPA > BANJIDAL (COLONIA),True,False,Polygon,2026-07-05
09,CIUDAD DE MÉXICO,007,IZTAPALAPA,007-018,BARRANCA DE GUADALUPE,COLONIA,IZTAPALAPA > BARRANCA DE GUADALUPE (COLONIA),True,False,Polygon,2026-07-05
09,CIUDAD DE MÉXICO,007,IZTAPALAPA,007-019,BARRIO GUADALUPE,PUEBLOS Y BARRIOS ORIGINARIOS,IZTAPALAPA > BARRIO GUADALUPE (PUEBLOS Y BARRIOS ORIGINARIOS),False,False,Polygon,2026-07-05
09,CIUDAD DE MÉXICO,007,IZTAPALAPA,007-020,BARRIO LA ASUNCION,PUEBLOS Y BARRIOS ORIGINARIOS,IZTAPALAPA > BARRIO LA ASUNCION (PUEBLOS Y BARRIOS ORIGINARIOS),False,False,Polygon,2026-07-05
09,CIUDAD DE MÉXICO,007,IZTAPALAPA,007-021,BARRIO SAN ANTONIO,PUEBLOS Y BARRIOS ORIGINARIOS,IZTAPALAPA > BARRIO SAN ANTONIO (PUEBLOS Y BARRIOS ORIGINARIOS),False,False,Polygon,2026-07-05
09,CIUDAD DE MÉXICO,007,IZTAPALAPA,007-022,BARRIO SAN ANTONIO CULHUACAN,PUEBLOS Y BARRIOS ORIGINARIOS,IZTAPALAPA > BARRIO SAN ANTONIO CULHUACAN (PUEBLOS Y BARRIOS ORIGINARIOS),False,False,Polygon,2026-07-05
09,CIUDAD DE MÉXICO,007,IZTAPALAPA,007-023,BARRIO SAN IGNACIO,PUEBLOS Y BARRIOS ORIGINARIOS,IZTAPALAPA > BARRIO SAN IGNACIO (PUEBLOS Y BARRIOS ORIGINARIOS),False,False,Polygon,2026-07-05
09,CIUDAD DE MÉXICO,007,IZTAPALAPA,007-024,BARRIO SAN JOSE,PUEBLOS Y BARRIOS ORIGINARIOS,IZTAPALAPA > BARRIO SAN JOSE (PUEBLOS Y BARRIOS ORIGINARIOS),False,False,Polygon,2026-07-05
09,CIUDAD DE MÉXICO,007,IZTAPALAPA,007-025,BARRIO SAN LORENZO,PUEBLOS Y BARRIOS ORIGINARIOS,IZTAPALAPA > BARRIO SAN LORENZO (PUEBLOS Y BARRIOS ORIGINARIOS),False,False,Polygon,2026-07-05
09,CIUDAD DE MÉXICO,007,IZTAPALAPA,007-026,BARRIO SAN LUCAS,PUEBLOS Y BARRIOS ORIGINARIOS,IZTAPALAPA > BARRIO SAN LUCAS (PUEBLOS Y BARRIOS ORIGINARIOS),False,False,Polygon,2026-07-05
09,CIUDAD DE MÉXICO,007,IZTAPALAPA,007-027,BARRIO SAN MIGUEL,PUEBLOS Y BARRIOS ORIGINARIOS,IZTAPALAPA > BARRIO SAN MIGUEL (PUEBLOS Y BARRIOS ORIGINARIOS),False,False,Polygon,2026-07-05
09,CIUDAD DE MÉXICO,007,IZTAPALAPA,007-028,BARRIO SAN PABLO,PUEBLOS Y BARRIOS ORIGINARIOS,IZTAPALAPA > BARRIO SAN PABLO (PUEBLOS Y BARRIOS ORIGINARIOS),False,False,Polygon,2026-07-05
09,CIUDAD DE MÉXICO,007,IZTAPALAPA,007-029,BARRIO SAN PEDRO,PUEBLOS Y BARRIOS ORIGINARIOS,IZTAPALAPA > BARRIO SAN PEDRO (PUEBLOS Y BARRIOS ORIGINARIOS),False,False,Polygon,2026-07-05
09,CIUDAD DE MÉXICO,007,IZTAPALAPA,007-030,BARRIO SAN SIMON CULHUACAN,PUEBLOS Y BARRIOS ORIGINARIOS,IZTAPALAPA > BARRIO SAN SIMON CULHUACAN (PUEBLOS Y BARRIOS ORIGINARIOS),False,False,Polygon,2026-07-05
09,CIUDAD DE MÉXICO,007,IZTAPALAPA,007-031,BARRIO SANTA BARBARA,PUEBLOS Y BARRIOS ORIGINARIOS,IZTAPALAPA > BARRIO SANTA BARBARA (PUEBLOS Y BARRIOS ORIGINARIOS),False,False,Polygon,2026-07-05
09,CIUDAD DE MÉXICO,007,IZTAPALAPA,007-032,BARRIO TULA,PUEBLOS Y BARRIOS ORIGINARIOS,IZTAPALAPA > BARRIO TULA (PUEBLOS Y BARRIOS ORIGINARIOS),False,False,Polygon,2026-07-05
09,CIUDAD DE MÉXICO,007,IZTAPALAPA,007-033,BELLAVISTA,COLONIA,IZTAPALAPA > BELLAVISTA (COLONIA),True,False,Polygon,2026-07-05
09,CIUDAD DE MÉXICO,007,IZTAPALAPA,007-034,BENITO JUAREZ,COLONIA,IZTAPALAPA > BENITO JUAREZ (COLONIA),True,False,Polygon,2026-07-05
09,CIUDAD DE MÉXICO,007,IZTAPALAPA,007-035,BUENAVISTA,COLONIA,IZTAPALAPA > BUENAVISTA (COLONIA),True,False,Polygon,2026-07-05
09,CIUDAD DE MÉXICO,007,IZTAPALAPA,007-036,CACAMA,COLONIA,IZTAPALAPA > CACAMA (COLONIA),True,False,Polygon,2026-07-05
09,CIUDAD DE MÉXICO,007,IZTAPALAPA,007-037,CAMPESTRE POTRERO,COLONIA,IZTAPALAPA > CAMPESTRE POTRERO (COLONIA),True,False,Polygon,2026-07-05
09,CIUDAD DE MÉXICO,007,IZTAPALAPA,007-038,CANANEA,COLONIA,IZTAPALAPA > CANANEA (COLONIA),True,False,Polygon,2026-07-05
09,CIUDAD DE MÉXICO,007,IZTAPALAPA,007-039,CARLOS HANK GONZALEZ,COLONIA,IZTAPALAPA > CARLOS HANK GONZALEZ (COLONIA),True,False,Polygon,2026-07-05
09,CIUDAD DE MÉXICO,007,IZTAPALAPA,007-040,CARLOS JONGUITUD BARRIOS,PUEBLOS Y BARRIOS ORIGINARIOS,IZTAPALAPA > CARLOS JONGUITUD BARRIOS (PUEBLOS Y BARRIOS ORIGINARIOS),False,False,Polygon,2026-07-05
09,CIUDAD DE MÉXICO,007,IZTAPALAPA,007-041,CASA BLANCA,COLONIA,IZTAPALAPA > CASA BLANCA (COLONIA),True,False,Polygon,2026-07-05
09,CIUDAD DE MÉXICO,007,IZTAPALAPA,007-042,CELOALLIOTLI,COLONIA,IZTAPALAPA > CELOALLIOTLI (COLONIA),True,False,Polygon,2026-07-05
09,CIUDAD DE MÉXICO,007,IZTAPALAPA,007-043,CENTRAL DE ABASTO,COLONIA,IZTAPALAPA > CENTRAL DE ABASTO (COLONIA),True,False,Polygon,2026-07-05
09,CIUDAD DE MÉXICO,007,IZTAPALAPA,007-044,CERRO DE LA ESTRELLA,COLONIA,IZTAPALAPA > CERRO DE LA ESTRELLA (COLONIA),True,False,Polygon,2026-07-05
09,CIUDAD DE MÉXICO,007,IZTAPALAPA,007-045,CHINAMPAC DE JUAREZ,COLONIA,IZTAPALAPA > CHINAMPAC DE JUAREZ (COLONIA),True,False,Polygon,2026-07-05
09,CIUDAD DE MÉXICO,007,IZTAPALAPA,007-046,CITLALLI,COLONIA,IZTAPALAPA > CITLALLI (COLONIA),True,False,Polygon,2026-07-05
09,CIUDAD DE MÉXICO,007,IZTAPALAPA,007-047,COLONIAL IZTAPALAPA,COLONIA,IZTAPALAPA > COLONIAL IZTAPALAPA (COLONIA),True,False,Polygon,2026-07-05
09,CIUDAD DE MÉXICO,007,IZTAPALAPA,007-048,CONSEJO AGRARISTA MEXICANO,COLONIA,IZTAPALAPA > CONSEJO AGRARISTA MEXICANO (COLONIA),True,False,Polygon,2026-07-05
09,CIUDAD DE MÉXICO,007,IZTAPALAPA,007-049,CONSTITUCION DE 1917,COLONIA,IZTAPALAPA > CONSTITUCION DE 1917 (COLONIA),True,False,Polygon,2026-07-05
09,CIUDAD DE MÉXICO,007,IZTAPALAPA,007-050,COOP ALLAPETLALLI,COLONIA,IZTAPALAPA > COOP ALLAPETLALLI (COLONIA),True,False,Polygon,2026-07-05
09,CIUDAD DE MÉXICO,007,IZTAPALAPA,007-051,CUCHILLA DEL MORAL,COLONIA,IZTAPALAPA > CUCHILLA DEL MORAL (COLONIA),True,False,Polygon,2026-07-05
09,CIUDAD DE MÉXICO,007,IZTAPALAPA,007-052,DEGOLLADO,COLONIA,IZTAPALAPA > DEGOLLADO (COLONIA),True,False,Polygon,2026-07-05
09,CIUDAD DE MÉXICO,007,IZTAPALAPA,007-053,DEGOLLADO-MEXICATLALLI,COLONIA,IZTAPALAPA > DEGOLLADO-MEXICATLALLI (COLONIA),True,False,Polygon,2026-07-05
09,CIUDAD DE MÉXICO,007,IZTAPALAPA,007-054,DESARROLLO URBANO QUETZALCOATL,COLONIA,IZTAPALAPA > DESARROLLO URBANO QUETZALCOATL (COLONIA),True,False,Polygon,2026-07-05
09,CIUDAD DE MÉXICO,007,IZTAPALAPA,007-055,DR ALFONSO ORTIZ TIRADO,COLONIA,IZTAPALAPA > DR ALFONSO ORTIZ TIRADO (COLONIA),True,False,Polygon,2026-07-05
09,CIUDAD DE MÉXICO,007,IZTAPALAPA,007-056,EJERCITO DE AGUA PRIETA,COLONIA,IZTAPALAPA > EJERCITO DE AGUA PRIETA (COLONIA),True,False,Polygon,2026-07-05
09,CIUDAD DE MÉXICO,007,IZTAPALAPA,007-057,EJERCITO DE ORIENTE,COLONIA,IZTAPALAPA > EJERCITO DE ORIENTE (COLONIA),True,False,Polygon,2026-07-05
09,CIUDAD DE MÉXICO,007,IZTAPALAPA,007-058,EJERCITO DE ORIENTE ZONA PEÑON,COLONIA,IZTAPALAPA > EJERCITO DE ORIENTE ZONA PEÑON (COLONIA),True,False,Polygon,2026-07-05
09,CIUDAD DE MÉXICO,007,IZTAPALAPA,007-059,EL EDEN,COLONIA,IZTAPALAPA > EL EDEN (COLONIA),True,False,Polygon,2026-07-05
09,CIUDAD DE MÉXICO,007,IZTAPALAPA,007-060,EL MANTO,COLONIA,IZTAPALAPA > EL MANTO (COLONIA),True,False,Polygon,2026-07-05
09,CIUDAD DE MÉXICO,007,IZTAPALAPA,007-061,EL MIRADOR,COLONIA,IZTAPALAPA > EL MIRADOR (COLONIA),True,False,Polygon,2026-07-05
09,CIUDAD DE MÉXICO,007,IZTAPALAPA,007-062,EL MOLINO,COLONIA,IZTAPALAPA > EL MOLINO (COLONIA),True,False,Polygon,2026-07-05
09,CIUDAD DE MÉXICO,007,IZTAPALAPA,007-063,EL MOLINO TEZONCO,COLONIA,IZTAPALAPA > EL MOLINO TEZONCO (COLONIA),True,False,Polygon,2026-07-05
09,CIUDAD DE MÉXICO,007,IZTAPALAPA,007-064,EL PARAISO,COLONIA,IZTAPALAPA > EL PARAISO (COLONIA),True,False,Polygon,2026-07-05
09,CIUDAD DE MÉXICO,007,IZTAPALAPA,007-065,EL PRADO,COLONIA,IZTAPALAPA > EL PRADO (COLONIA),True,False,Polygon,2026-07-05
09,CIUDAD DE MÉXICO,007,IZTAPALAPA,007-066,EL RETOÑO,COLONIA,IZTAPALAPA > EL RETOÑO (COLONIA),True,False,Polygon,2026-07-05
09,CIUDAD DE MÉXICO,007,IZTAPALAPA,007-067,EL RODEO,COLONIA,IZTAPALAPA > EL RODEO (COLONIA),True,False,Polygon,2026-07-05
09,CIUDAD DE MÉXICO,007,IZTAPALAPA,007-068,EL ROSARIO,COLONIA,IZTAPALAPA > EL ROSARIO (COLONIA),True,False,Polygon,2026-07-05
09,CIUDAD DE MÉXICO,007,IZTAPALAPA,007-069,EL SANTUARIO,COLONIA,IZTAPALAPA > EL SANTUARIO (COLONIA),True,False,Polygon,2026-07-05
09,CIUDAD DE MÉXICO,007,IZTAPALAPA,007-070,EL SIFON,COLONIA,IZTAPALAPA > EL SIFON (COLONIA),True,False,Polygon,2026-07-05
09,CIUDAD DE MÉXICO,007,IZTAPALAPA,007-071,EL TRIANGULO,COLONIA,IZTAPALAPA > EL TRIANGULO (COLONIA),True,False,Polygon,2026-07-05
09,CIUDAD DE MÉXICO,007,IZTAPALAPA,007-072,EL TRIUNFO,COLONIA,IZTAPALAPA > EL TRIUNFO (COLONIA),True,False,Polygon,2026-07-05
09,CIUDAD DE MÉXICO,007,IZTAPALAPA,007-073,EL VERGEL,COLONIA,IZTAPALAPA > EL VERGEL (COLONIA),True,False,Polygon,2026-07-05
09,CIUDAD DE MÉXICO,007,IZTAPALAPA,007-074,ERMITA ZARAGOZA,COLONIA,IZTAPALAPA > ERMITA ZARAGOZA (COLONIA),True,False,Polygon,2026-07-05
09,CIUDAD DE MÉXICO,007,IZTAPALAPA,007-075,ESCUADRON 201,COLONIA,IZTAPALAPA > ESCUADRON 201 (COLONIA),True,False,Polygon,2026-07-05
09,CIUDAD DE MÉXICO,007,IZTAPALAPA,007-076,ESTADO DE VERACRUZ,COLONIA,IZTAPALAPA > ESTADO DE VERACRUZ (COLONIA),True,False,Polygon,2026-07-05
09,CIUDAD DE MÉXICO,007,IZTAPALAPA,007-077,ESTRELLA CULHUACAN,COLONIA,IZTAPALAPA > ESTRELLA CULHUACAN (COLONIA),True,False,Polygon,2026-07-05
09,CIUDAD DE MÉXICO,007,IZTAPALAPA,007-078,ESTRELLA DEL SUR,COLONIA,IZTAPALAPA > ESTRELLA DEL SUR (COLONIA),True,False,Polygon,2026-07-05
09,CIUDAD DE MÉXICO,007,IZTAPALAPA,007-079,EVA SAMANO DE LOPEZ MATEOS,COLONIA,IZTAPALAPA > EVA SAMANO DE LOPEZ MATEOS (COLONIA),True,False,Polygon,2026-07-05
09,CIUDAD DE MÉXICO,007,IZTAPALAPA,007-080,FRANCISCO VILLA,COLONIA,IZTAPALAPA > FRANCISCO VILLA (COLONIA),True,False,Polygon,2026-07-05
09,CIUDAD DE MÉXICO,007,IZTAPALAPA,007-081,FUEGO NUEVO,COLONIA,IZTAPALAPA > FUEGO NUEVO (COLONIA),True,False,Polygon,2026-07-05
09,CIUDAD DE MÉXICO,007,IZTAPALAPA,007-082,GRANJAS DE SAN ANTONIO,COLONIA,IZTAPALAPA > GRANJAS DE SAN ANTONIO (COLONIA),True,False,Polygon,2026-07-05
09,CIUDAD DE MÉXICO,007,IZTAPALAPA,007-083,GRANJAS ESMERALDA,COLONIA,IZTAPALAPA > GRANJAS ESMERALDA (COLONIA),True,False,Polygon,2026-07-05
09,CIUDAD DE MÉXICO,007,IZTAPALAPA,007-084,GRANJAS ESTRELLA,COLONIA,IZTAPALAPA > GRANJAS ESTRELLA (COLONIA),True,False,Polygon,2026-07-05
09,CIUDAD DE MÉXICO,007,IZTAPALAPA,007-085,GUADALUPE DEL MORAL,COLONIA,IZTAPALAPA > GUADALUPE DEL MORAL (COLONIA),True,False,Polygon,2026-07-05
09,CIUDAD DE MÉXICO,007,IZTAPALAPA,007-086,HEROES DE CHURUBUSCO,COLONIA,IZTAPALAPA > HEROES DE CHURUBUSCO (COLONIA),True,False,Polygon,2026-07-05
09,CIUDAD DE MÉXICO,007,IZTAPALAPA,007-087,INSURGENTES,COLONIA,IZTAPALAPA > INSURGENTES (COLONIA),True,False,Polygon,2026-07-05
09,CIUDAD DE MÉXICO,007,IZTAPALAPA,007-088,IXTLAHUACAN,COLONIA,IZTAPALAPA > IXTLAHUACAN (COLONIA),True,False,Polygon,2026-07-05
09,CIUDAD DE MÉXICO,007,IZTAPALAPA,007-089,JACARANDAS,COLONIA,IZTAPALAPA > JACARANDAS (COLONIA),True,False,Polygon,2026-07-05
09,CIUDAD DE MÉXICO,007,IZTAPALAPA,007-090,JARDINES DE CHURUBUSCO,COLONIA,IZTAPALAPA > JARDINES DE CHURUBUSCO (COLONIA),True,False,Polygon,2026-07-05
09,CIUDAD DE MÉXICO,007,IZTAPALAPA,007-091,JARDINES DE SAN LORENZO TEZONCO,COLONIA,IZTAPALAPA > JARDINES DE SAN LORENZO TEZONCO (COLONIA),True,False,Polygon,2026-07-05
09,CIUDAD DE MÉXICO,007,IZTAPALAPA,007-092,JOSE LOPEZ PORTILLO,COLONIA,IZTAPALAPA > JOSE LOPEZ PORTILLO (COLONIA),True,False,Polygon,2026-07-05
09,CIUDAD DE MÉXICO,007,IZTAPALAPA,007-093,JOSE MARIA MORELOS Y PAVON,COLONIA,IZTAPALAPA > JOSE MARIA MORELOS Y PAVON (COLONIA),True,False,Polygon,2026-07-05
09,CIUDAD DE MÉXICO,007,IZTAPALAPA,007-094,JUAN ESCUTIA,COLONIA,IZTAPALAPA > JUAN ESCUTIA (COLONIA),True,False,Polygon,2026-07-05
09,CIUDAD DE MÉXICO,007,IZTAPALAPA,007-095,JUSTO SIERRA,COLONIA,IZTAPALAPA > JUSTO SIERRA (COLONIA),True,False,Polygon,2026-07-05
09,CIUDAD DE MÉXICO,007,IZTAPALAPA,007-096,LA ERA,COLONIA,IZTAPALAPA > LA ERA (COLONIA),True,False,Polygon,2026-07-05
09,CIUDAD DE MÉXICO,007,IZTAPALAPA,007-097,LA ESPERANZA,COLONIA,IZTAPALAPA > LA ESPERANZA (COLONIA),True,False,Polygon,2026-07-05
09,CIUDAD DE MÉXICO,007,IZTAPALAPA,007-098,LA PLANTA,COLONIA,IZTAPALAPA > LA PLANTA (COLONIA),True,False,Polygon,2026-07-05
09,CIUDAD DE MÉXICO,007,IZTAPALAPA,007-099,LA REGADERA,COLONIA,IZTAPALAPA > LA REGADERA (COLONIA),True,False,Polygon,2026-07-05
09,CIUDAD DE MÉXICO,007,IZTAPALAPA,007-100,LAS PEÑAS,COLONIA,IZTAPALAPA > LAS PEÑAS (COLONIA),True,False,Polygon,2026-07-05
09,CIUDAD DE MÉXICO,007,IZTAPALAPA,007-101,LEYES DE REFORMA 1A SECCION,COLONIA,IZTAPALAPA > LEYES DE REFORMA 1A SECCION (COLONIA),True,False,Polygon,2026-07-05
09,CIUDAD DE MÉXICO,007,IZTAPALAPA,007-102,LEYES DE REFORMA 2A SECCION,COLONIA,IZTAPALAPA > LEYES DE REFORMA 2A SECCION (COLONIA),True,False,Polygon,2026-07-05
09,CIUDAD DE MÉXICO,007,IZTAPALAPA,007-103,LEYES DE REFORMA 3A SECCION,COLONIA,IZTAPALAPA > LEYES DE REFORMA 3A SECCION (COLONIA),True,False,Polygon,2026-07-05
09,CIUDAD DE MÉXICO,007,IZTAPALAPA,007-104,LOMAS DE LA ESTANCIA,COLONIA,IZTAPALAPA > LOMAS DE LA ESTANCIA (COLONIA),True,False,Polygon,2026-07-05
09,CIUDAD DE MÉXICO,007,IZTAPALAPA,007-105,LOMAS DE SAN LORENZO,COLONIA,IZTAPALAPA > LOMAS DE SAN LORENZO (COLONIA),True,False,Polygon,2026-07-05
09,CIUDAD DE MÉXICO,007,IZTAPALAPA,007-106,LOMAS DE STA CRUZ,COLONIA,IZTAPALAPA > LOMAS DE STA CRUZ (COLONIA),True,False,Polygon,2026-07-05
09,CIUDAD DE MÉXICO,007,IZTAPALAPA,007-107,LOMAS DE ZARAGOZA,COLONIA,IZTAPALAPA > LOMAS DE ZARAGOZA (COLONIA),True,False,Polygon,2026-07-05
09,CIUDAD DE MÉXICO,007,IZTAPALAPA,007-108,LOMAS EL MANTO,COLONIA,IZTAPALAPA > LOMAS EL MANTO (COLONIA),True,False,Polygon,2026-07-05
09,CIUDAD DE MÉXICO,007,IZTAPALAPA,007-109,LOMAS ESTRELLA,COLONIA,IZTAPALAPA > LOMAS ESTRELLA (COLONIA),True,False,Polygon,2026-07-05
09,CIUDAD DE MÉXICO,007,IZTAPALAPA,007-110,LOS ANGELES,COLONIA,IZTAPALAPA > LOS ANGELES (COLONIA),True,False,Polygon,2026-07-05
09,CIUDAD DE MÉXICO,007,IZTAPALAPA,007-111,LOS ANGELES APANOAYA,COLONIA,IZTAPALAPA > LOS ANGELES APANOAYA (COLONIA),True,False,Polygon,2026-07-05
09,CIUDAD DE MÉXICO,007,IZTAPALAPA,007-112,LOS CIPRESES,COLONIA,IZTAPALAPA > LOS CIPRESES (COLONIA),True,False,Polygon,2026-07-05
09,CIUDAD DE MÉXICO,007,IZTAPALAPA,007-113,LOS PICOS,COLONIA,IZTAPALAPA > LOS PICOS (COLONIA),True,False,Polygon,2026-07-05
09,CIUDAD DE MÉXICO,007,IZTAPALAPA,007-114,MIGUEL DE LA MADRID HURTADO,COLONIA,IZTAPALAPA > MIGUEL DE LA MADRID HURTADO (COLONIA),True,False,Polygon,2026-07-05
09,CIUDAD DE MÉXICO,007,IZTAPALAPA,007-115,MINERVA,COLONIA,IZTAPALAPA > MINERVA (COLONIA),True,False,Polygon,2026-07-05
09,CIUDAD DE MÉXICO,007,IZTAPALAPA,007-116,MIRAVALLES,COLONIA,IZTAPALAPA > MIRAVALLES (COLONIA),True,False,Polygon,2026-07-05
09,CIUDAD DE MÉXICO,007,IZTAPALAPA,007-117,MIXCOATL,COLONIA,IZTAPALAPA > MIXCOATL (COLONIA),True,False,Polygon,2026-07-05
09,CIUDAD DE MÉXICO,007,IZTAPALAPA,007-118,MONTE ALBAN,COLONIA,IZTAPALAPA > MONTE ALBAN (COLONIA),True,False,Polygon,2026-07-05
09,CIUDAD DE MÉXICO,007,IZTAPALAPA,007-119,NUEVA ROSITA,COLONIA,IZTAPALAPA > NUEVA ROSITA (COLONIA),True,False,Polygon,2026-07-05
09,CIUDAD DE MÉXICO,007,IZTAPALAPA,007-120,PALMITAS,COLONIA,IZTAPALAPA > PALMITAS (COLONIA),True,False,Polygon,2026-07-05
09,CIUDAD DE MÉXICO,007,IZTAPALAPA,007-121,PARAJE SAN JUAN,COLONIA,IZTAPALAPA > PARAJE SAN JUAN (COLONIA),True,False,Polygon,2026-07-05
09,CIUDAD DE MÉXICO,007,IZTAPALAPA,007-122,PARAJE SAN JUAN CERRO,COLONIA,IZTAPALAPA > PARAJE SAN JUAN CERRO (COLONIA),True,False,Polygon,2026-07-05
09,CIUDAD DE MÉXICO,007,IZTAPALAPA,007-123,PARAJE ZACATEPEC,COLONIA,IZTAPALAPA > PARAJE ZACATEPEC (COLONIA),True,False,Polygon,2026-07-05
09,CIUDAD DE MÉXICO,007,IZTAPALAPA,007-124,PARQUE NACIONAL CERRO DE LA ESTRELLA,COLONIA,IZTAPALAPA > PARQUE NACIONAL CERRO DE LA ESTRELLA (COLONIA),True,False,Polygon,2026-07-05
09,CIUDAD DE MÉXICO,007,IZTAPALAPA,007-125,PASEOS DE CHURUBUSCO,COLONIA,IZTAPALAPA > PASEOS DE CHURUBUSCO (COLONIA),True,False,Polygon,2026-07-05
09,CIUDAD DE MÉXICO,007,IZTAPALAPA,007-126,PLAN DE IGUALA,COLONIA,IZTAPALAPA > PLAN DE IGUALA (COLONIA),True,False,Polygon,2026-07-05
09,CIUDAD DE MÉXICO,007,IZTAPALAPA,007-127,POLVORILLA,COLONIA,IZTAPALAPA > POLVORILLA (COLONIA),True,False,Polygon,2026-07-05
09,CIUDAD DE MÉXICO,007,IZTAPALAPA,007-128,PRESIDENTES DE MEXICO,COLONIA,IZTAPALAPA > PRESIDENTES DE MEXICO (COLONIA),True,False,Polygon,2026-07-05
09,CIUDAD DE MÉXICO,007,IZTAPALAPA,007-129,PROGRESISTA,COLONIA,IZTAPALAPA > PROGRESISTA (COLONIA),True,False,Polygon,2026-07-05
09,CIUDAD DE MÉXICO,007,IZTAPALAPA,007-130,PROGRESO DEL SUR,COLONIA,IZTAPALAPA > PROGRESO DEL SUR (COLONIA),True,False,Polygon,2026-07-05
09,CIUDAD DE MÉXICO,007,IZTAPALAPA,007-131,PUEBLO ACULCO,PUEBLOS Y BARRIOS ORIGINARIOS,IZTAPALAPA > PUEBLO ACULCO (PUEBLOS Y BARRIOS ORIGINARIOS),False,False,Polygon,2026-07-05
09,CIUDAD DE MÉXICO,007,IZTAPALAPA,007-132,PUEBLO CULHUACAN,PUEBLOS Y BARRIOS ORIGINARIOS,IZTAPALAPA > PUEBLO CULHUACAN (PUEBLOS Y BARRIOS ORIGINARIOS),False,False,Polygon,2026-07-05
09,CIUDAD DE MÉXICO,007,IZTAPALAPA,007-133,PUEBLO LOS REYES CULHUACAN,PUEBLOS Y BARRIOS ORIGINARIOS,IZTAPALAPA > PUEBLO LOS REYES CULHUACAN (PUEBLOS Y BARRIOS ORIGINARIOS),False,False,Polygon,2026-07-05
09,CIUDAD DE MÉXICO,007,IZTAPALAPA,007-134,PUEBLO MAGDALENA ATLAZOLPA,PUEBLOS Y BARRIOS ORIGINARIOS,IZTAPALAPA > PUEBLO MAGDALENA ATLAZOLPA (PUEBLOS Y BARRIOS ORIGINARIOS),False,False,Polygon,2026-07-05
09,CIUDAD DE MÉXICO,007,IZTAPALAPA,007-135,PUEBLO MEXICALTZINGO,PUEBLOS Y BARRIOS ORIGINARIOS,IZTAPALAPA > PUEBLO MEXICALTZINGO (PUEBLOS Y BARRIOS ORIGINARIOS),False,False,Polygon,2026-07-05
09,CIUDAD DE MÉXICO,007,IZTAPALAPA,007-136,PUEBLO SAN ANDRES TOMATLAN,PUEBLOS Y BARRIOS ORIGINARIOS,IZTAPALAPA > PUEBLO SAN ANDRES TOMATLAN (PUEBLOS Y BARRIOS ORIGINARIOS),False,False,Polygon,2026-07-05
09,CIUDAD DE MÉXICO,007,IZTAPALAPA,007-137,PUEBLO SAN JUANICO NEXTIPAC,PUEBLOS Y BARRIOS ORIGINARIOS,IZTAPALAPA > PUEBLO SAN JUANICO NEXTIPAC (PUEBLOS Y BARRIOS ORIGINARIOS),False,False,Polygon,2026-07-05
09,CIUDAD DE MÉXICO,007,IZTAPALAPA,007-138,PUEBLO SAN LORENZO TEZONCO,PUEBLOS Y BARRIOS ORIGINARIOS,IZTAPALAPA > PUEBLO SAN LORENZO TEZONCO (PUEBLOS Y BARRIOS ORIGINARIOS),False,False,Polygon,2026-07-05
09,CIUDAD DE MÉXICO,007,IZTAPALAPA,007-139,PUEBLO SAN LORENZO XICOTENCATL,PUEBLOS Y BARRIOS ORIGINARIOS,IZTAPALAPA > PUEBLO SAN LORENZO XICOTENCATL (PUEBLOS Y BARRIOS ORIGINARIOS),False,False,Polygon,2026-07-05
09,CIUDAD DE MÉXICO,007,IZTAPALAPA,007-140,PUEBLO SAN SEBASTIAN TECOLOXTITLA,PUEBLOS Y BARRIOS ORIGINARIOS,IZTAPALAPA > PUEBLO SAN SEBASTIAN TECOLOXTITLA (PUEBLOS Y BARRIOS ORIGINARIOS),False,False,Polygon,2026-07-05
09,CIUDAD DE MÉXICO,007,IZTAPALAPA,007-141,PUEBLO SANTA MARIA AZTAHUACAN,PUEBLOS Y BARRIOS ORIGINARIOS,IZTAPALAPA > PUEBLO SANTA MARIA AZTAHUACAN (PUEBLOS Y BARRIOS ORIGINARIOS),False,False,Polygon,2026-07-05
09,CIUDAD DE MÉXICO,007,IZTAPALAPA,007-142,PUEBLO SANTA MARIA TOMATLAN,PUEBLOS Y BARRIOS ORIGINARIOS,IZTAPALAPA > PUEBLO SANTA MARIA TOMATLAN (PUEBLOS Y BARRIOS ORIGINARIOS),False,False,Polygon,2026-07-05
09,CIUDAD DE MÉXICO,007,IZTAPALAPA,007-143,PUEBLO SANTA MARTHA ACATITLA,PUEBLOS Y BARRIOS ORIGINARIOS,IZTAPALAPA > PUEBLO SANTA MARTHA ACATITLA (PUEBLOS Y BARRIOS ORIGINARIOS),False,False,Polygon,2026-07-05
09,CIUDAD DE MÉXICO,007,IZTAPALAPA,007-144,PUEBLO SANTIAGO ACAHUALTEPEC,PUEBLOS Y BARRIOS ORIGINARIOS,IZTAPALAPA > PUEBLO SANTIAGO ACAHUALTEPEC (PUEBLOS Y BARRIOS ORIGINARIOS),False,False,Polygon,2026-07-05
09,CIUDAD DE MÉXICO,007,IZTAPALAPA,007-145,PUEBLO STA CRUZ MEYEHUALCO,PUEBLOS Y BARRIOS ORIGINARIOS,IZTAPALAPA > PUEBLO STA CRUZ MEYEHUALCO (PUEBLOS Y BARRIOS ORIGINARIOS),False,False,Polygon,2026-07-05
09,CIUDAD DE MÉXICO,007,IZTAPALAPA,007-146,PUENTE BLANCO,COLONIA,IZTAPALAPA > PUENTE BLANCO (COLONIA),True,False,Polygon,2026-07-05
09,CIUDAD DE MÉXICO,007,IZTAPALAPA,007-147,PURISIMA ATLAZOLPA,COLONIA,IZTAPALAPA > PURISIMA ATLAZOLPA (COLONIA),True,False,Polygon,2026-07-05
09,CIUDAD DE MÉXICO,007,IZTAPALAPA,007-148,REAL DEL MORAL,COLONIA,IZTAPALAPA > REAL DEL MORAL (COLONIA),True,False,Polygon,2026-07-05
09,CIUDAD DE MÉXICO,007,IZTAPALAPA,007-149,REFORMA POLITICA,COLONIA,IZTAPALAPA > REFORMA POLITICA (COLONIA),True,False,Polygon,2026-07-05
09,CIUDAD DE MÉXICO,007,IZTAPALAPA,007-150,RENOVACION,COLONIA,IZTAPALAPA > RENOVACION (COLONIA),True,False,Polygon,2026-07-05
09,CIUDAD DE MÉXICO,007,IZTAPALAPA,007-151,RICARDO FLORES MAGON,COLONIA,IZTAPALAPA > RICARDO FLORES MAGON (COLONIA),True,False,Polygon,2026-07-05
09,CIUDAD DE MÉXICO,007,IZTAPALAPA,007-152,SAN ANDRES TETEPILCO,COLONIA,IZTAPALAPA > SAN ANDRES TETEPILCO (COLONIA),True,False,Polygon,2026-07-05
09,CIUDAD DE MÉXICO,007,IZTAPALAPA,007-153,SAN ANTONIO CULHUACAN,COLONIA,IZTAPALAPA > SAN ANTONIO CULHUACAN (COLONIA),True,False,Polygon,2026-07-05
09,CIUDAD DE MÉXICO,007,IZTAPALAPA,007-154,SAN JOSE ACULCO,COLONIA,IZTAPALAPA > SAN JOSE ACULCO (COLONIA),True,False,Polygon,2026-07-05
09,CIUDAD DE MÉXICO,007,IZTAPALAPA,007-155,SAN JOSE BUENAVISTA,COLONIA,IZTAPALAPA > SAN JOSE BUENAVISTA (COLONIA),True,False,Polygon,2026-07-05
09,CIUDAD DE MÉXICO,007,IZTAPALAPA,007-156,SAN JUAN ESTRELLA,COLONIA,IZTAPALAPA > SAN JUAN ESTRELLA (COLONIA),True,False,Polygon,2026-07-05
09,CIUDAD DE MÉXICO,007,IZTAPALAPA,007-157,SAN JUAN JOYA,COLONIA,IZTAPALAPA > SAN JUAN JOYA (COLONIA),True,False,Polygon,2026-07-05
09,CIUDAD DE MÉXICO,007,IZTAPALAPA,007-158,SAN JUAN XALPA,COLONIA,IZTAPALAPA > SAN JUAN XALPA (COLONIA),True,False,Polygon,2026-07-05
09,CIUDAD DE MÉXICO,007,IZTAPALAPA,007-159,SAN MIGUEL 8VA AMPLIACION,COLONIA,IZTAPALAPA > SAN MIGUEL 8VA AMPLIACION (COLONIA),True,False,Polygon,2026-07-05
09,CIUDAD DE MÉXICO,007,IZTAPALAPA,007-160,SAN MIGUEL TEOTONGO (SECC LA CRUZ),COLONIA,IZTAPALAPA > SAN MIGUEL TEOTONGO (SECC LA CRUZ) (COLONIA),True,False,Polygon,2026-07-05
09,CIUDAD DE MÉXICO,007,IZTAPALAPA,007-161,SAN MIGUEL TEOTONGO (SECC LAS TORRES),COLONIA,IZTAPALAPA > SAN MIGUEL TEOTONGO (SECC LAS TORRES) (COLONIA),True,False,Polygon,2026-07-05
09,CIUDAD DE MÉXICO,007,IZTAPALAPA,007-162,SAN MIGUEL TEOTONGO SECC ACORRALADO,COLONIA,IZTAPALAPA > SAN MIGUEL TEOTONGO SECC ACORRALADO (COLONIA),True,False,Polygon,2026-07-05
09,CIUDAD DE MÉXICO,007,IZTAPALAPA,007-163,SAN MIGUEL TEOTONGO SECC AVISADERO,COLONIA,IZTAPALAPA > SAN MIGUEL TEOTONGO SECC AVISADERO (COLONIA),True,False,Polygon,2026-07-05
09,CIUDAD DE MÉXICO,007,IZTAPALAPA,007-164,SAN MIGUEL TEOTONGO SECC CAPILLA,COLONIA,IZTAPALAPA > SAN MIGUEL TEOTONGO SECC CAPILLA (COLONIA),True,False,Polygon,2026-07-05
09,CIUDAD DE MÉXICO,007,IZTAPALAPA,007-165,SAN MIGUEL TEOTONGO SECC CORRALES,COLONIA,IZTAPALAPA > SAN MIGUEL TEOTONGO SECC CORRALES (COLONIA),True,False,Polygon,2026-07-05
09,CIUDAD DE MÉXICO,007,IZTAPALAPA,007-166,SAN MIGUEL TEOTONGO SECC GUADALUPE,COLONIA,IZTAPALAPA > SAN MIGUEL TEOTONGO SECC GUADALUPE (COLONIA),True,False,Polygon,2026-07-05
09,CIUDAD DE MÉXICO,007,IZTAPALAPA,007-167,SAN MIGUEL TEOTONGO SECC JARDINES,COLONIA,IZTAPALAPA > SAN MIGUEL TEOTONGO SECC JARDINES (COLONIA),True,False,Polygon,2026-07-05
09,CIUDAD DE MÉXICO,007,IZTAPALAPA,007-168,SAN MIGUEL TEOTONGO SECC LOMA ALTA,COLONIA,IZTAPALAPA > SAN MIGUEL TEOTONGO SECC LOMA ALTA (COLONIA),True,False,Polygon,2026-07-05
09,CIUDAD DE MÉXICO,007,IZTAPALAPA,007-169,SAN MIGUEL TEOTONGO SECC MERCEDES,COLONIA,IZTAPALAPA > SAN MIGUEL TEOTONGO SECC MERCEDES (COLONIA),True,False,Polygon,2026-07-05
09,CIUDAD DE MÉXICO,007,IZTAPALAPA,007-170,SAN MIGUEL TEOTONGO SECC PALMITAS,COLONIA,IZTAPALAPA > SAN MIGUEL TEOTONGO SECC PALMITAS (COLONIA),True,False,Polygon,2026-07-05
09,CIUDAD DE MÉXICO,007,IZTAPALAPA,007-171,SAN MIGUEL TEOTONGO SECC PUENTE,COLONIA,IZTAPALAPA > SAN MIGUEL TEOTONGO SECC PUENTE (COLONIA),True,False,Polygon,2026-07-05
09,CIUDAD DE MÉXICO,007,IZTAPALAPA,007-172,SAN MIGUEL TEOTONGO SECC RANCHITO,COLONIA,IZTAPALAPA > SAN MIGUEL TEOTONGO SECC RANCHITO (COLONIA),True,False,Polygon,2026-07-05
09,CIUDAD DE MÉXICO,007,IZTAPALAPA,007-173,SAN MIGUEL TEOTONGO SECC RANCHO BAJO,COLONIA,IZTAPALAPA > SAN MIGUEL TEOTONGO SECC RANCHO BAJO (COLONIA),True,False,Polygon,2026-07-05
09,CIUDAD DE MÉXICO,007,IZTAPALAPA,007-174,SAN MIGUEL TEOTONGO SECCION IZTLAHUACA,COLONIA,IZTAPALAPA > SAN MIGUEL TEOTONGO SECCION IZTLAHUACA (COLONIA),True,False,Polygon,2026-07-05
09,CIUDAD DE MÉXICO,007,IZTAPALAPA,007-175,SAN NICOLAS TOLENTINO,COLONIA,IZTAPALAPA > SAN NICOLAS TOLENTINO (COLONIA),True,False,Polygon,2026-07-05
09,CIUDAD DE MÉXICO,007,IZTAPALAPA,007-176,SAN PABLO,COLONIA,IZTAPALAPA > SAN PABLO (COLONIA),True,False,Polygon,2026-07-05
09,CIUDAD DE MÉXICO,007,IZTAPALAPA,007-177,SANTA ISABEL INDUSTRIAL,COLONIA,IZTAPALAPA > SANTA ISABEL INDUSTRIAL (COLONIA),True,False,Polygon,2026-07-05
09,CIUDAD DE MÉXICO,007,IZTAPALAPA,007-178,SANTA MARIA AZTAHUACAN,COLONIA,IZTAPALAPA > SANTA MARIA AZTAHUACAN (COLONIA),True,False,Polygon,2026-07-05
09,CIUDAD DE MÉXICO,007,IZTAPALAPA,007-179,SANTA MARIA DEL MONTE,COLONIA,IZTAPALAPA > SANTA MARIA DEL MONTE (COLONIA),True,False,Polygon,2026-07-05
09,CIUDAD DE MÉXICO,007,IZTAPALAPA,007-180,SANTA MARTHA ACATITLA NORTE,COLONIA,IZTAPALAPA > SANTA MARTHA ACATITLA NORTE (COLONIA),True,False,Polygon,2026-07-05
09,CIUDAD DE MÉXICO,007,IZTAPALAPA,007-181,SANTA MARTHA ACATITLA SUR,COLONIA,IZTAPALAPA > SANTA MARTHA ACATITLA SUR (COLONIA),True,False,Polygon,2026-07-05
09,CIUDAD DE MÉXICO,007,IZTAPALAPA,007-182,SANTIAGO ACAHUALTEPEC 1A AMPLIACIËN,COLONIA,IZTAPALAPA > SANTIAGO ACAHUALTEPEC 1A AMPLIACIËN (COLONIA),True,False,Polygon,2026-07-05
09,CIUDAD DE MÉXICO,007,IZTAPALAPA,007-183,SANTIAGO ACAHUALTEPEC 2A AMPLIACION,COLONIA,IZTAPALAPA > SANTIAGO ACAHUALTEPEC 2A AMPLIACION (COLONIA),True,False,Polygon,2026-07-05
09,CIUDAD DE MÉXICO,007,IZTAPALAPA,007-184,SECTOR POPULAR,COLONIA,IZTAPALAPA > SECTOR POPULAR (COLONIA),True,False,Polygon,2026-07-05
09,CIUDAD DE MÉXICO,007,IZTAPALAPA,007-185,SIDERAL,COLONIA,IZTAPALAPA > SIDERAL (COLONIA),True,False,Polygon,2026-07-05
09,CIUDAD DE MÉXICO,007,IZTAPALAPA,007-186,SINATEL,COLONIA,IZTAPALAPA > SINATEL (COLONIA),True,False,Polygon,2026-07-05
09,CIUDAD DE MÉXICO,007,IZTAPALAPA,007-187,TENORIOS,COLONIA,IZTAPALAPA > TENORIOS (COLONIA),True,False,Polygon,2026-07-05
09,CIUDAD DE MÉXICO,007,IZTAPALAPA,007-188,TEPALCATES,COLONIA,IZTAPALAPA > TEPALCATES (COLONIA),True,False,Polygon,2026-07-05
09,CIUDAD DE MÉXICO,007,IZTAPALAPA,007-189,UNIDAD EJERCITO CONSTITUCIONALISTA,COLONIA,IZTAPALAPA > UNIDAD EJERCITO CONSTITUCIONALISTA (COLONIA),True,False,Polygon,2026-07-05
09,CIUDAD DE MÉXICO,007,IZTAPALAPA,007-190,UNIDAD MODELO,COLONIA,IZTAPALAPA > UNIDAD MODELO (COLONIA),True,False,Polygon,2026-07-05
09,CIUDAD DE MÉXICO,007,IZTAPALAPA,007-191,UNIDAD SANTA CRUZ MEYEHUALCO,COLONIA,IZTAPALAPA > UNIDAD SANTA CRUZ MEYEHUALCO (COLONIA),True,False,Polygon,2026-07-05
09,CIUDAD DE MÉXICO,007,IZTAPALAPA,007-192,UNIDAD VICENTE GUERRERO,COLONIA,IZTAPALAPA > UNIDAD VICENTE GUERRERO (COLONIA),True,False,Polygon,2026-07-05
09,CIUDAD DE MÉXICO,007,IZTAPALAPA,007-193,USCOVI,COLONIA,IZTAPALAPA > USCOVI (COLONIA),True,False,Polygon,2026-07-05
09,CIUDAD DE MÉXICO,007,IZTAPALAPA,007-194,VALLE DE LUCES,COLONIA,IZTAPALAPA > VALLE DE LUCES (COLONIA),True,False,Polygon,2026-07-05
09,CIUDAD DE MÉXICO,007,IZTAPALAPA,007-195,VALLE DE SAN LORENZO,COLONIA,IZTAPALAPA > VALLE DE SAN LORENZO (COLONIA),True,False,Polygon,2026-07-05
09,CIUDAD DE MÉXICO,007,IZTAPALAPA,007-196,VALLE DEL SUR,COLONIA,IZTAPALAPA > VALLE DEL SUR (COLONIA),True,False,Polygon,2026-07-05
09,CIUDAD DE MÉXICO,007,IZTAPALAPA,007-197,XALPA,COLONIA,IZTAPALAPA > XALPA (COLONIA),True,False,Polygon,2026-07-05
09,CIUDAD DE MÉXICO,007,IZTAPALAPA,007-198,ZACAHUITZCO,COLONIA,IZTAPALAPA > ZACAHUITZCO (COLONIA),True,False,Polygon,2026-07-05
09,CIUDAD DE MÉXICO,008,LA MAGDALENA CONTRERAS,008-001,AMPLIACION LOMAS DE SAN BERNABE,COLONIA,LA MAGDALENA CONTRERAS > AMPLIACION LOMAS DE SAN BERNABE (COLONIA),True,False,Polygon,2026-07-05
09,CIUDAD DE MÉXICO,008,LA MAGDALENA CONTRERAS,008-002,AMPLIACION POTRERILLO,COLONIA,LA MAGDALENA CONTRERAS > AMPLIACION POTRERILLO (COLONIA),True,False,Polygon,2026-07-05
09,CIUDAD DE MÉXICO,008,LA MAGDALENA CONTRERAS,008-003,ATACAXCO,COLONIA,LA MAGDALENA CONTRERAS > ATACAXCO (COLONIA),True,False,Polygon,2026-07-05
09,CIUDAD DE MÉXICO,008,LA MAGDALENA CONTRERAS,008-004,BARRANCA SECA,COLONIA,LA MAGDALENA CONTRERAS > BARRANCA SECA (COLONIA),True,False,Polygon,2026-07-05
09,CIUDAD DE MÉXICO,008,LA MAGDALENA CONTRERAS,008-005,BARRIO LAS CALLES,PUEBLOS Y BARRIOS ORIGINARIOS,LA MAGDALENA CONTRERAS > BARRIO LAS CALLES (PUEBLOS Y BARRIOS ORIGINARIOS),False,False,Polygon,2026-07-05
09,CIUDAD DE MÉXICO,008,LA MAGDALENA CONTRERAS,008-006,BARRIO SAN FRANCISCO,PUEBLOS Y BARRIOS ORIGINARIOS,LA MAGDALENA CONTRERAS > BARRIO SAN FRANCISCO (PUEBLOS Y BARRIOS ORIGINARIOS),False,False,Polygon,2026-07-05
09,CIUDAD DE MÉXICO,008,LA MAGDALENA CONTRERAS,008-007,BARROS SIERRA,COLONIA,LA MAGDALENA CONTRERAS > BARROS SIERRA (COLONIA),True,False,Polygon,2026-07-05
09,CIUDAD DE MÉXICO,008,LA MAGDALENA CONTRERAS,008-008,CERRO DEL JUDIO - AV,COLONIA,LA MAGDALENA CONTRERAS > CERRO DEL JUDIO - AV (COLONIA),True,False,Polygon,2026-07-05
09,CIUDAD DE MÉXICO,008,LA MAGDALENA CONTRERAS,008-009,CRESCENCIO JUAREZ CHAVIRA,COLONIA,LA MAGDALENA CONTRERAS > CRESCENCIO JUAREZ CHAVIRA (COLONIA),True,False,Polygon,2026-07-05
09,CIUDAD DE MÉXICO,008,LA MAGDALENA CONTRERAS,008-010,CUAUHTEMOC,COLONIA,LA MAGDALENA CONTRERAS > CUAUHTEMOC (COLONIA),True,False,Polygon,2026-07-05
09,CIUDAD DE MÉXICO,008,LA MAGDALENA CONTRERAS,008-011,EL ERMITAÑO,COLONIA,LA MAGDALENA CONTRERAS > EL ERMITAÑO (COLONIA),True,False,Polygon,2026-07-05
09,CIUDAD DE MÉXICO,008,LA MAGDALENA CONTRERAS,008-012,EL MAESTRO,COLONIA,LA MAGDALENA CONTRERAS > EL MAESTRO (COLONIA),True,False,Polygon,2026-07-05
09,CIUDAD DE MÉXICO,008,LA MAGDALENA CONTRERAS,008-013,EL OCOTAL,COLONIA,LA MAGDALENA CONTRERAS > EL OCOTAL (COLONIA),True,False,Polygon,2026-07-05
09,CIUDAD DE MÉXICO,008,LA MAGDALENA CONTRERAS,008-014,EL ROSAL,COLONIA,LA MAGDALENA CONTRERAS > EL ROSAL (COLONIA),True,False,Polygon,2026-07-05
09,CIUDAD DE MÉXICO,008,LA MAGDALENA CONTRERAS,008-015,EL TANQUE,COLONIA,LA MAGDALENA CONTRERAS > EL TANQUE (COLONIA),True,False,Polygon,2026-07-05
09,CIUDAD DE MÉXICO,008,LA MAGDALENA CONTRERAS,008-016,EL TORO,COLONIA,LA MAGDALENA CONTRERAS > EL TORO (COLONIA),True,False,Polygon,2026-07-05
09,CIUDAD DE MÉXICO,008,LA MAGDALENA CONTRERAS,008-017,HEROES DE PADIERNA,COLONIA,LA MAGDALENA CONTRERAS > HEROES DE PADIERNA (COLONIA),True,False,Polygon,2026-07-05
09,CIUDAD DE MÉXICO,008,LA MAGDALENA CONTRERAS,008-018,HUAYATLA,COLONIA,LA MAGDALENA CONTRERAS > HUAYATLA (COLONIA),True,False,Polygon,2026-07-05
09,CIUDAD DE MÉXICO,008,LA MAGDALENA CONTRERAS,008-019,LA CARBONERA,COLONIA,LA MAGDALENA CONTRERAS > LA CARBONERA (COLONIA),True,False,Polygon,2026-07-05
09,CIUDAD DE MÉXICO,008,LA MAGDALENA CONTRERAS,008-020,LA CONCEPCION,COLONIA,LA MAGDALENA CONTRERAS > LA CONCEPCION (COLONIA),True,False,Polygon,2026-07-05
09,CIUDAD DE MÉXICO,008,LA MAGDALENA CONTRERAS,008-021,LA CRUZ,COLONIA,LA MAGDALENA CONTRERAS > LA CRUZ (COLONIA),True,False,Polygon,2026-07-05
09,CIUDAD DE MÉXICO,008,LA MAGDALENA CONTRERAS,008-022,LA GUADALUPE,COLONIA,LA MAGDALENA CONTRERAS > LA GUADALUPE (COLONIA),True,False,Polygon,2026-07-05
09,CIUDAD DE MÉXICO,008,LA MAGDALENA CONTRERAS,008-023,LA MALINCHE,COLONIA,LA MAGDALENA CONTRERAS > LA MALINCHE (COLONIA),True,False,Polygon,2026-07-05
09,CIUDAD DE MÉXICO,008,LA MAGDALENA CONTRERAS,008-024,LAS CRUCES,COLONIA,LA MAGDALENA CONTRERAS > LAS CRUCES (COLONIA),True,False,Polygon,2026-07-05
09,CIUDAD DE MÉXICO,008,LA MAGDALENA CONTRERAS,008-025,LAS HUERTAS,COLONIA,LA MAGDALENA CONTRERAS > LAS HUERTAS (COLONIA),True,False,Polygon,2026-07-05
09,CIUDAD DE MÉXICO,008,LA MAGDALENA CONTRERAS,008-026,LOMAS QUEBRADAS,COLONIA,LA MAGDALENA CONTRERAS > LOMAS QUEBRADAS (COLONIA),True,False,Polygon,2026-07-05
09,CIUDAD DE MÉXICO,008,LA MAGDALENA CONTRERAS,008-027,LOS PADRES,COLONIA,LA MAGDALENA CONTRERAS > LOS PADRES (COLONIA),True,False,Polygon,2026-07-05
09,CIUDAD DE MÉXICO,008,LA MAGDALENA CONTRERAS,008-028,PALMAS,COLONIA,LA MAGDALENA CONTRERAS > PALMAS (COLONIA),True,False,Polygon,2026-07-05
09,CIUDAD DE MÉXICO,008,LA MAGDALENA CONTRERAS,008-029,PLAZUELA DEL PEDREGAL,COLONIA,LA MAGDALENA CONTRERAS > PLAZUELA DEL PEDREGAL (COLONIA),True,False,Polygon,2026-07-05
09,CIUDAD DE MÉXICO,008,LA MAGDALENA CONTRERAS,008-030,POTRERILLO,COLONIA,LA MAGDALENA CONTRERAS > POTRERILLO (COLONIA),True,False,Polygon,2026-07-05
09,CIUDAD DE MÉXICO,008,LA MAGDALENA CONTRERAS,008-031,PUEBLO LA MAGDALENA,PUEBLOS Y BARRIOS ORIGINARIOS,LA MAGDALENA CONTRERAS > PUEBLO LA MAGDALENA (PUEBLOS Y BARRIOS ORIGINARIOS),False,False,Polygon,2026-07-05
09,CIUDAD DE MÉXICO,008,LA MAGDALENA CONTRERAS,008-032,PUEBLO NUEVO ALTO,PUEBLOS Y BARRIOS ORIGINARIOS,LA MAGDALENA CONTRERAS > PUEBLO NUEVO ALTO (PUEBLOS Y BARRIOS ORIGINARIOS),False,False,Polygon,2026-07-05
09,CIUDAD DE MÉXICO,008,LA MAGDALENA CONTRERAS,008-033,PUEBLO NUEVO BAJO,PUEBLOS Y BARRIOS ORIGINARIOS,LA MAGDALENA CONTRERAS > PUEBLO NUEVO BAJO (PUEBLOS Y BARRIOS ORIGINARIOS),False,False,Polygon,2026-07-05
09,CIUDAD DE MÉXICO,008,LA MAGDALENA CONTRERAS,008-034,PUEBLO SAN BERNABE OCOTEPEC,PUEBLOS Y BARRIOS ORIGINARIOS,LA MAGDALENA CONTRERAS > PUEBLO SAN BERNABE OCOTEPEC (PUEBLOS Y BARRIOS ORIGINARIOS),False,False,Polygon,2026-07-05
09,CIUDAD DE MÉXICO,008,LA MAGDALENA CONTRERAS,008-035,PUEBLO SAN NICOLAS TOTOLAPAN,PUEBLOS Y BARRIOS ORIGINARIOS,LA MAGDALENA CONTRERAS > PUEBLO SAN NICOLAS TOTOLAPAN (PUEBLOS Y BARRIOS ORIGINARIOS),False,False,Polygon,2026-07-05
09,CIUDAD DE MÉXICO,008,LA MAGDALENA CONTRERAS,008-036,SAN BARTOLO AMEYALCO,COLONIA,LA MAGDALENA CONTRERAS > SAN BARTOLO AMEYALCO (COLONIA),True,False,Polygon,2026-07-05
09,CIUDAD DE MÉXICO,008,LA MAGDALENA CONTRERAS,008-037,SAN FRANCISCO,COLONIA,LA MAGDALENA CONTRERAS > SAN FRANCISCO (COLONIA),True,False,Polygon,2026-07-05
09,CIUDAD DE MÉXICO,008,LA MAGDALENA CONTRERAS,008-038,SAN JERONIMO ACULCO,COLONIA,LA MAGDALENA CONTRERAS > SAN JERONIMO ACULCO (COLONIA),True,False,Polygon,2026-07-05
09,CIUDAD DE MÉXICO,008,LA MAGDALENA CONTRERAS,008-039,SAN JERONIMO LIDICE,COLONIA,LA MAGDALENA CONTRERAS > SAN JERONIMO LIDICE (COLONIA),True,False,Polygon,2026-07-05
09,CIUDAD DE MÉXICO,008,LA MAGDALENA CONTRERAS,008-040,SANTA TERESA,COLONIA,LA MAGDALENA CONTRERAS > SANTA TERESA (COLONIA),True,False,Polygon,2026-07-05
09,CIUDAD DE MÉXICO,008,LA MAGDALENA CONTRERAS,008-041,TIERRA UNIDA,COLONIA,LA MAGDALENA CONTRERAS > TIERRA UNIDA (COLONIA),True,False,Polygon,2026-07-05
09,CIUDAD DE MÉXICO,008,LA MAGDALENA CONTRERAS,008-042,VISTA HERMOSA,COLONIA,LA MAGDALENA CONTRERAS > VISTA HERMOSA (COLONIA),True,False,Polygon,2026-07-05
09,CIUDAD DE MÉXICO,009,MILPA ALTA,009-001,BARRIO CENTRO,PUEBLOS Y BARRIOS ORIGINARIOS,MILPA ALTA > BARRIO CENTRO (PUEBLOS Y BARRIOS ORIGINARIOS),False,False,Polygon,2026-07-05
09,CIUDAD DE MÉXICO,009,MILPA ALTA,009-002,BARRIO CHALMITA,PUEBLOS Y BARRIOS ORIGINARIOS,MILPA ALTA > BARRIO CHALMITA (PUEBLOS Y BARRIOS ORIGINARIOS),False,False,Polygon,2026-07-05
09,CIUDAD DE MÉXICO,009,MILPA ALTA,009-003,BARRIO CRUZTITLA,PUEBLOS Y BARRIOS ORIGINARIOS,MILPA ALTA > BARRIO CRUZTITLA (PUEBLOS Y BARRIOS ORIGINARIOS),False,False,Polygon,2026-07-05
09,CIUDAD DE MÉXICO,009,MILPA ALTA,009-004,BARRIO LA CONCEPCION,PUEBLOS Y BARRIOS ORIGINARIOS,MILPA ALTA > BARRIO LA CONCEPCION (PUEBLOS Y BARRIOS ORIGINARIOS),False,False,Polygon,2026-07-05
09,CIUDAD DE MÉXICO,009,MILPA ALTA,009-005,BARRIO LA LUPITA TETICPAC,PUEBLOS Y BARRIOS ORIGINARIOS,MILPA ALTA > BARRIO LA LUPITA TETICPAC (PUEBLOS Y BARRIOS ORIGINARIOS),False,False,Polygon,2026-07-05
09,CIUDAD DE MÉXICO,009,MILPA ALTA,009-006,BARRIO LA LUPITA XOLCO,PUEBLOS Y BARRIOS ORIGINARIOS,MILPA ALTA > BARRIO LA LUPITA XOLCO (PUEBLOS Y BARRIOS ORIGINARIOS),False,False,Polygon,2026-07-05
09,CIUDAD DE MÉXICO,009,MILPA ALTA,009-007,BARRIO LA LUZ,PUEBLOS Y BARRIOS ORIGINARIOS,MILPA ALTA > BARRIO LA LUZ (PUEBLOS Y BARRIOS ORIGINARIOS),False,False,Polygon,2026-07-05
09,CIUDAD DE MÉXICO,009,MILPA ALTA,009-008,BARRIO LOS ANGELES,PUEBLOS Y BARRIOS ORIGINARIOS,MILPA ALTA > BARRIO LOS ANGELES (PUEBLOS Y BARRIOS ORIGINARIOS),False,False,Polygon,2026-07-05
09,CIUDAD DE MÉXICO,009,MILPA ALTA,009-009,BARRIO NOCHTLA,PUEBLOS Y BARRIOS ORIGINARIOS,MILPA ALTA > BARRIO NOCHTLA (PUEBLOS Y BARRIOS ORIGINARIOS),False,False,Polygon,2026-07-05
09,CIUDAD DE MÉXICO,009,MILPA ALTA,009-010,BARRIO OCOTITLA,PUEBLOS Y BARRIOS ORIGINARIOS,MILPA ALTA > BARRIO OCOTITLA (PUEBLOS Y BARRIOS ORIGINARIOS),False,False,Polygon,2026-07-05
09,CIUDAD DE MÉXICO,009,MILPA ALTA,009-011,BARRIO PANCHIMALCO,PUEBLOS Y BARRIOS ORIGINARIOS,MILPA ALTA > BARRIO PANCHIMALCO (PUEBLOS Y BARRIOS ORIGINARIOS),False,False,Polygon,2026-07-05
09,CIUDAD DE MÉXICO,009,MILPA ALTA,009-012,BARRIO SAN AGUSTIN,PUEBLOS Y BARRIOS ORIGINARIOS,MILPA ALTA > BARRIO SAN AGUSTIN (PUEBLOS Y BARRIOS ORIGINARIOS),False,False,Polygon,2026-07-05
09,CIUDAD DE MÉXICO,009,MILPA ALTA,009-013,BARRIO SAN JOSE,PUEBLOS Y BARRIOS ORIGINARIOS,MILPA ALTA > BARRIO SAN JOSE (PUEBLOS Y BARRIOS ORIGINARIOS),False,False,Polygon,2026-07-05
09,CIUDAD DE MÉXICO,009,MILPA ALTA,009-014,BARRIO SAN JUAN,PUEBLOS Y BARRIOS ORIGINARIOS,MILPA ALTA > BARRIO SAN JUAN (PUEBLOS Y BARRIOS ORIGINARIOS),False,False,Polygon,2026-07-05
09,CIUDAD DE MÉXICO,009,MILPA ALTA,009-015,BARRIO SAN MARCOS,PUEBLOS Y BARRIOS ORIGINARIOS,MILPA ALTA > BARRIO SAN MARCOS (PUEBLOS Y BARRIOS ORIGINARIOS),False,False,Polygon,2026-07-05
09,CIUDAD DE MÉXICO,009,MILPA ALTA,009-016,BARRIO SAN MATEO,PUEBLOS Y BARRIOS ORIGINARIOS,MILPA ALTA > BARRIO SAN MATEO (PUEBLOS Y BARRIOS ORIGINARIOS),False,False,Polygon,2026-07-05
09,CIUDAD DE MÉXICO,009,MILPA ALTA,009-017,BARRIO SAN MIGUEL,PUEBLOS Y BARRIOS ORIGINARIOS,MILPA ALTA > BARRIO SAN MIGUEL (PUEBLOS Y BARRIOS ORIGINARIOS),False,False,Polygon,2026-07-05
09,CIUDAD DE MÉXICO,009,MILPA ALTA,009-018,BARRIO SAN MIGUEL PUEBLO SANTA ANA TLACOTENCO,PUEBLOS Y BARRIOS ORIGINARIOS,MILPA ALTA > BARRIO SAN MIGUEL PUEBLO SANTA ANA TLACOTENCO (PUEBLOS Y BARRIOS ORIGINARIOS),False,False,Polygon,2026-07-05
09,CIUDAD DE MÉXICO,009,MILPA ALTA,009-019,BARRIO SANTA CRUZ,PUEBLOS Y BARRIOS ORIGINARIOS,MILPA ALTA > BARRIO SANTA CRUZ (PUEBLOS Y BARRIOS ORIGINARIOS),False,False,Polygon,2026-07-05
09,CIUDAD DE MÉXICO,009,MILPA ALTA,009-020,BARRIO SANTA MARTHA,PUEBLOS Y BARRIOS ORIGINARIOS,MILPA ALTA > BARRIO SANTA MARTHA (PUEBLOS Y BARRIOS ORIGINARIOS),False,False,Polygon,2026-07-05
09,CIUDAD DE MÉXICO,009,MILPA ALTA,009-021,BARRIO TECAXTITLA,PUEBLOS Y BARRIOS ORIGINARIOS,MILPA ALTA > BARRIO TECAXTITLA (PUEBLOS Y BARRIOS ORIGINARIOS),False,False,Polygon,2026-07-05
09,CIUDAD DE MÉXICO,009,MILPA ALTA,009-022,BARRIO TENANTITLA,PUEBLOS Y BARRIOS ORIGINARIOS,MILPA ALTA > BARRIO TENANTITLA (PUEBLOS Y BARRIOS ORIGINARIOS),False,False,Polygon,2026-07-05
09,CIUDAD DE MÉXICO,009,MILPA ALTA,009-023,BARRIO TULA,PUEBLOS Y BARRIOS ORIGINARIOS,MILPA ALTA > BARRIO TULA (PUEBLOS Y BARRIOS ORIGINARIOS),False,False,Polygon,2026-07-05
09,CIUDAD DE MÉXICO,009,MILPA ALTA,009-024,BARRIO XALTIPAC,PUEBLOS Y BARRIOS ORIGINARIOS,MILPA ALTA > BARRIO XALTIPAC (PUEBLOS Y BARRIOS ORIGINARIOS),False,False,Polygon,2026-07-05
09,CIUDAD DE MÉXICO,009,MILPA ALTA,009-025,BARRIO XALTIPAC,PUEBLOS Y BARRIOS ORIGINARIOS,MILPA ALTA > BARRIO XALTIPAC (PUEBLOS Y BARRIOS ORIGINARIOS),False,False,Polygon,2026-07-05
09,CIUDAD DE MÉXICO,009,MILPA ALTA,009-026,BARRIO XALTIPAC,PUEBLOS Y BARRIOS ORIGINARIOS,MILPA ALTA > BARRIO XALTIPAC (PUEBLOS Y BARRIOS ORIGINARIOS),False,False,Polygon,2026-07-05
09,CIUDAD DE MÉXICO,009,MILPA ALTA,009-027,BARRIO XOCHITEPETL,PUEBLOS Y BARRIOS ORIGINARIOS,MILPA ALTA > BARRIO XOCHITEPETL (PUEBLOS Y BARRIOS ORIGINARIOS),False,False,Polygon,2026-07-05
09,CIUDAD DE MÉXICO,009,MILPA ALTA,009-028,LA CONCHITA,COLONIA,MILPA ALTA > LA CONCHITA (COLONIA),True,False,Polygon,2026-07-05
09,CIUDAD DE MÉXICO,009,MILPA ALTA,009-029,PUEBLO SAN AGUSTIN OHTENCO,PUEBLOS Y BARRIOS ORIGINARIOS,MILPA ALTA > PUEBLO SAN AGUSTIN OHTENCO (PUEBLOS Y BARRIOS ORIGINARIOS),False,False,Polygon,2026-07-05
09,CIUDAD DE MÉXICO,009,MILPA ALTA,009-030,PUEBLO SAN BARTOLOME XICOMULCO,PUEBLOS Y BARRIOS ORIGINARIOS,MILPA ALTA > PUEBLO SAN BARTOLOME XICOMULCO (PUEBLOS Y BARRIOS ORIGINARIOS),False,False,Polygon,2026-07-05
09,CIUDAD DE MÉXICO,009,MILPA ALTA,009-031,PUEBLO SAN FRANCISCO TECOXPA,PUEBLOS Y BARRIOS ORIGINARIOS,MILPA ALTA > PUEBLO SAN FRANCISCO TECOXPA (PUEBLOS Y BARRIOS ORIGINARIOS),False,False,Polygon,2026-07-05
09,CIUDAD DE MÉXICO,009,MILPA ALTA,009-032,PUEBLO SAN JERONIMO MIACATLAN,PUEBLOS Y BARRIOS ORIGINARIOS,MILPA ALTA > PUEBLO SAN JERONIMO MIACATLAN (PUEBLOS Y BARRIOS ORIGINARIOS),False,False,Polygon,2026-07-05
09,CIUDAD DE MÉXICO,009,MILPA ALTA,009-033,PUEBLO SAN JUAN TEPENAHUAC,PUEBLOS Y BARRIOS ORIGINARIOS,MILPA ALTA > PUEBLO SAN JUAN TEPENAHUAC (PUEBLOS Y BARRIOS ORIGINARIOS),False,False,Polygon,2026-07-05
09,CIUDAD DE MÉXICO,009,MILPA ALTA,009-034,PUEBLO SAN LORENZO TLACOYUCAN,PUEBLOS Y BARRIOS ORIGINARIOS,MILPA ALTA > PUEBLO SAN LORENZO TLACOYUCAN (PUEBLOS Y BARRIOS ORIGINARIOS),False,False,Polygon,2026-07-05
09,CIUDAD DE MÉXICO,009,MILPA ALTA,009-035,PUEBLO SAN SALVADOR CUAUHTENCO,PUEBLOS Y BARRIOS ORIGINARIOS,MILPA ALTA > PUEBLO SAN SALVADOR CUAUHTENCO (PUEBLOS Y BARRIOS ORIGINARIOS),False,False,Polygon,2026-07-05
09,CIUDAD DE MÉXICO,009,MILPA ALTA,009-036,VILLA MILPA ALTA CENTRO,COLONIA,MILPA ALTA > VILLA MILPA ALTA CENTRO (COLONIA),True,False,Polygon,2026-07-05
09,CIUDAD DE MÉXICO,010,ÁLVARO OBREGÓN,010-001,1RA AMPLIACION PRESIDENTES,COLONIA,ÁLVARO OBREGÓN > 1RA AMPLIACION PRESIDENTES (COLONIA),True,False,Polygon,2026-07-05
09,CIUDAD DE MÉXICO,010,ÁLVARO OBREGÓN,010-002,1RA SECCION CAÑADA,COLONIA,ÁLVARO OBREGÓN > 1RA SECCION CAÑADA (COLONIA),True,False,Polygon,2026-07-05
09,CIUDAD DE MÉXICO,010,ÁLVARO OBREGÓN,010-003,1RA VICTORIA,COLONIA,ÁLVARO OBREGÓN > 1RA VICTORIA (COLONIA),True,False,Polygon,2026-07-05
09,CIUDAD DE MÉXICO,010,ÁLVARO OBREGÓN,010-004,2DA AMPLIACION PRESIDENTES,COLONIA,ÁLVARO OBREGÓN > 2DA AMPLIACION PRESIDENTES (COLONIA),True,False,Polygon,2026-07-05
09,CIUDAD DE MÉXICO,010,ÁLVARO OBREGÓN,010-005,2DA DEL MORAL DEL PUEBLO TETELPAN,PUEBLOS Y BARRIOS ORIGINARIOS,ÁLVARO OBREGÓN > 2DA DEL MORAL DEL PUEBLO TETELPAN (PUEBLOS Y BARRIOS ORIGINARIOS),False,False,Polygon,2026-07-05
09,CIUDAD DE MÉXICO,010,ÁLVARO OBREGÓN,010-006,2DA SECCION CAÑADA,COLONIA,ÁLVARO OBREGÓN > 2DA SECCION CAÑADA (COLONIA),True,False,Polygon,2026-07-05
09,CIUDAD DE MÉXICO,010,ÁLVARO OBREGÓN,010-007,2DO REACOMODO TLACUITLAPA,COLONIA,ÁLVARO OBREGÓN > 2DO REACOMODO TLACUITLAPA (COLONIA),True,False,Polygon,2026-07-05
09,CIUDAD DE MÉXICO,010,ÁLVARO OBREGÓN,010-008,8 DE AGOSTO,COLONIA,ÁLVARO OBREGÓN > 8 DE AGOSTO (COLONIA),True,False,Polygon,2026-07-05
09,CIUDAD DE MÉXICO,010,ÁLVARO OBREGÓN,010-009,ABRAHAM M GONZALEZ,COLONIA,ÁLVARO OBREGÓN > ABRAHAM M GONZALEZ (COLONIA),True,False,Polygon,2026-07-05
09,CIUDAD DE MÉXICO,010,ÁLVARO OBREGÓN,010-010,ACUEDUCTO,COLONIA,ÁLVARO OBREGÓN > ACUEDUCTO (COLONIA),True,False,Polygon,2026-07-05
09,CIUDAD DE MÉXICO,010,ÁLVARO OBREGÓN,010-011,ACUILOTLA,COLONIA,ÁLVARO OBREGÓN > ACUILOTLA (COLONIA),True,False,Polygon,2026-07-05
09,CIUDAD DE MÉXICO,010,ÁLVARO OBREGÓN,010-012,ALCANTARILLA,COLONIA,ÁLVARO OBREGÓN > ALCANTARILLA (COLONIA),True,False,Polygon,2026-07-05
09,CIUDAD DE MÉXICO,010,ÁLVARO OBREGÓN,010-013,ALFONSO XIII,COLONIA,ÁLVARO OBREGÓN > ALFONSO XIII (COLONIA),True,False,Polygon,2026-07-05
09,CIUDAD DE MÉXICO,010,ÁLVARO OBREGÓN,010-014,ALTAVISTA,COLONIA,ÁLVARO OBREGÓN > ALTAVISTA (COLONIA),True,False,Polygon,2026-07-05
09,CIUDAD DE MÉXICO,010,ÁLVARO OBREGÓN,010-015,AMPLIACION ACUEDUCTO,COLONIA,ÁLVARO OBREGÓN > AMPLIACION ACUEDUCTO (COLONIA),True,False,Polygon,2026-07-05
09,CIUDAD DE MÉXICO,010,ÁLVARO OBREGÓN,010-016,AMPLIACION ALPES,COLONIA,ÁLVARO OBREGÓN > AMPLIACION ALPES (COLONIA),True,False,Polygon,2026-07-05
09,CIUDAD DE MÉXICO,010,ÁLVARO OBREGÓN,010-017,AMPLIACION EL CAPULIN,COLONIA,ÁLVARO OBREGÓN > AMPLIACION EL CAPULIN (COLONIA),True,False,Polygon,2026-07-05
09,CIUDAD DE MÉXICO,010,ÁLVARO OBREGÓN,010-018,AMPLIACION ESTADO DE HIDALGO,COLONIA,ÁLVARO OBREGÓN > AMPLIACION ESTADO DE HIDALGO (COLONIA),True,False,Polygon,2026-07-05
09,CIUDAD DE MÉXICO,010,ÁLVARO OBREGÓN,010-019,AMPLIACION JALALPA,COLONIA,ÁLVARO OBREGÓN > AMPLIACION JALALPA (COLONIA),True,False,Polygon,2026-07-05
09,CIUDAD DE MÉXICO,010,ÁLVARO OBREGÓN,010-020,AMPLIACION LA CEBADA,COLONIA,ÁLVARO OBREGÓN > AMPLIACION LA CEBADA (COLONIA),True,False,Polygon,2026-07-05
09,CIUDAD DE MÉXICO,010,ÁLVARO OBREGÓN,010-021,AMPLIACION LA MEXICANA,COLONIA,ÁLVARO OBREGÓN > AMPLIACION LA MEXICANA (COLONIA),True,False,Polygon,2026-07-05
09,CIUDAD DE MÉXICO,010,ÁLVARO OBREGÓN,010-022,AMPLIACION LAS AGUILAS,COLONIA,ÁLVARO OBREGÓN > AMPLIACION LAS AGUILAS (COLONIA),True,False,Polygon,2026-07-05
09,CIUDAD DE MÉXICO,010,ÁLVARO OBREGÓN,010-023,AMPLIACION LOS PIRULES,COLONIA,ÁLVARO OBREGÓN > AMPLIACION LOS PIRULES (COLONIA),True,False,Polygon,2026-07-05
09,CIUDAD DE MÉXICO,010,ÁLVARO OBREGÓN,010-024,AMPLIACION PILOTO ADOLFO LOPEZ MATEOS,COLONIA,ÁLVARO OBREGÓN > AMPLIACION PILOTO ADOLFO LOPEZ MATEOS (COLONIA),True,False,Polygon,2026-07-05
09,CIUDAD DE MÉXICO,010,ÁLVARO OBREGÓN,010-025,AMPLIACION TEPEACA,COLONIA,ÁLVARO OBREGÓN > AMPLIACION TEPEACA (COLONIA),True,False,Polygon,2026-07-05
09,CIUDAD DE MÉXICO,010,ÁLVARO OBREGÓN,010-026,AMPLIACION TLACUITLAPA,COLONIA,ÁLVARO OBREGÓN > AMPLIACION TLACUITLAPA (COLONIA),True,False,Polygon,2026-07-05
09,CIUDAD DE MÉXICO,010,ÁLVARO OBREGÓN,010-027,ARCOS CENTENARIO,COLONIA,ÁLVARO OBREGÓN > ARCOS CENTENARIO (COLONIA),True,False,Polygon,2026-07-05
09,CIUDAD DE MÉXICO,010,ÁLVARO OBREGÓN,010-028,ARTURO MARTINEZ,COLONIA,ÁLVARO OBREGÓN > ARTURO MARTINEZ (COLONIA),True,False,Polygon,2026-07-05
09,CIUDAD DE MÉXICO,010,ÁLVARO OBREGÓN,010-029,ARVIDE,COLONIA,ÁLVARO OBREGÓN > ARVIDE (COLONIA),True,False,Polygon,2026-07-05
09,CIUDAD DE MÉXICO,010,ÁLVARO OBREGÓN,010-030,ATLAMAYA,COLONIA,ÁLVARO OBREGÓN > ATLAMAYA (COLONIA),True,False,Polygon,2026-07-05
09,CIUDAD DE MÉXICO,010,ÁLVARO OBREGÓN,010-031,AVE REAL,COLONIA,ÁLVARO OBREGÓN > AVE REAL (COLONIA),True,False,Polygon,2026-07-05
09,CIUDAD DE MÉXICO,010,ÁLVARO OBREGÓN,010-032,BALCONES DE CEHUAYO,COLONIA,ÁLVARO OBREGÓN > BALCONES DE CEHUAYO (COLONIA),True,False,Polygon,2026-07-05
09,CIUDAD DE MÉXICO,010,ÁLVARO OBREGÓN,010-033,BARRIO ALFALFAR,PUEBLOS Y BARRIOS ORIGINARIOS,ÁLVARO OBREGÓN > BARRIO ALFALFAR (PUEBLOS Y BARRIOS ORIGINARIOS),False,False,Polygon,2026-07-05
09,CIUDAD DE MÉXICO,010,ÁLVARO OBREGÓN,010-034,BARRIO LA OTRA BANDA,PUEBLOS Y BARRIOS ORIGINARIOS,ÁLVARO OBREGÓN > BARRIO LA OTRA BANDA (PUEBLOS Y BARRIOS ORIGINARIOS),False,False,Polygon,2026-07-05
09,CIUDAD DE MÉXICO,010,ÁLVARO OBREGÓN,010-035,BARRIO LORETO,PUEBLOS Y BARRIOS ORIGINARIOS,ÁLVARO OBREGÓN > BARRIO LORETO (PUEBLOS Y BARRIOS ORIGINARIOS),False,False,Polygon,2026-07-05
09,CIUDAD DE MÉXICO,010,ÁLVARO OBREGÓN,010-036,BARRIO NORTE,PUEBLOS Y BARRIOS ORIGINARIOS,ÁLVARO OBREGÓN > BARRIO NORTE (PUEBLOS Y BARRIOS ORIGINARIOS),False,False,Polygon,2026-07-05
09,CIUDAD DE MÉXICO,010,ÁLVARO OBREGÓN,010-037,BARRIO SANTA MARIA NONOALCO,PUEBLOS Y BARRIOS ORIGINARIOS,ÁLVARO OBREGÓN > BARRIO SANTA MARIA NONOALCO (PUEBLOS Y BARRIOS ORIGINARIOS),False,False,Polygon,2026-07-05
09,CIUDAD DE MÉXICO,010,ÁLVARO OBREGÓN,010-038,BEJERO DEL PUEBLO SANTA FE,PUEBLOS Y BARRIOS ORIGINARIOS,ÁLVARO OBREGÓN > BEJERO DEL PUEBLO SANTA FE (PUEBLOS Y BARRIOS ORIGINARIOS),False,False,Polygon,2026-07-05
09,CIUDAD DE MÉXICO,010,ÁLVARO OBREGÓN,010-039,BELEM DE LAS FLORES,COLONIA,ÁLVARO OBREGÓN > BELEM DE LAS FLORES (COLONIA),True,False,Polygon,2026-07-05
09,CIUDAD DE MÉXICO,010,ÁLVARO OBREGÓN,010-040,BELLAVISTA,COLONIA,ÁLVARO OBREGÓN > BELLAVISTA (COLONIA),True,False,Polygon,2026-07-05
09,CIUDAD DE MÉXICO,010,ÁLVARO OBREGÓN,010-041,BONANZA,COLONIA,ÁLVARO OBREGÓN > BONANZA (COLONIA),True,False,Polygon,2026-07-05
09,CIUDAD DE MÉXICO,010,ÁLVARO OBREGÓN,010-042,BOSQUE,COLONIA,ÁLVARO OBREGÓN > BOSQUE (COLONIA),True,False,Polygon,2026-07-05
09,CIUDAD DE MÉXICO,010,ÁLVARO OBREGÓN,010-043,CALZADA JALALPA,COLONIA,ÁLVARO OBREGÓN > CALZADA JALALPA (COLONIA),True,False,Polygon,2026-07-05
09,CIUDAD DE MÉXICO,010,ÁLVARO OBREGÓN,010-044,CAMPESTRE,COLONIA,ÁLVARO OBREGÓN > CAMPESTRE (COLONIA),True,False,Polygon,2026-07-05
09,CIUDAD DE MÉXICO,010,ÁLVARO OBREGÓN,010-045,CANUTILLO,COLONIA,ÁLVARO OBREGÓN > CANUTILLO (COLONIA),True,False,Polygon,2026-07-05
09,CIUDAD DE MÉXICO,010,ÁLVARO OBREGÓN,010-046,CANUTILLO 2DA SECCION,COLONIA,ÁLVARO OBREGÓN > CANUTILLO 2DA SECCION (COLONIA),True,False,Polygon,2026-07-05
09,CIUDAD DE MÉXICO,010,ÁLVARO OBREGÓN,010-047,CANUTILLO 3RA SECCION,COLONIA,ÁLVARO OBREGÓN > CANUTILLO 3RA SECCION (COLONIA),True,False,Polygon,2026-07-05
09,CIUDAD DE MÉXICO,010,ÁLVARO OBREGÓN,010-048,CARLOS A MADRAZO,COLONIA,ÁLVARO OBREGÓN > CARLOS A MADRAZO (COLONIA),True,False,Polygon,2026-07-05
09,CIUDAD DE MÉXICO,010,ÁLVARO OBREGÓN,010-049,CAROLA,COLONIA,ÁLVARO OBREGÓN > CAROLA (COLONIA),True,False,Polygon,2026-07-05
09,CIUDAD DE MÉXICO,010,ÁLVARO OBREGÓN,010-050,CEHUAYA,COLONIA,ÁLVARO OBREGÓN > CEHUAYA (COLONIA),True,False,Polygon,2026-07-05
09,CIUDAD DE MÉXICO,010,ÁLVARO OBREGÓN,010-051,CHIMALISTAC,COLONIA,ÁLVARO OBREGÓN > CHIMALISTAC (COLONIA),True,False,Polygon,2026-07-05
09,CIUDAD DE MÉXICO,010,ÁLVARO OBREGÓN,010-052,COLINA DEL SUR,COLONIA,ÁLVARO OBREGÓN > COLINA DEL SUR (COLONIA),True,False,Polygon,2026-07-05
09,CIUDAD DE MÉXICO,010,ÁLVARO OBREGÓN,010-053,COLINAS DE TARANGO,COLONIA,ÁLVARO OBREGÓN > COLINAS DE TARANGO (COLONIA),True,False,Polygon,2026-07-05
09,CIUDAD DE MÉXICO,010,ÁLVARO OBREGÓN,010-054,COOPERATIVA UNION OLIVOS,COLONIA,ÁLVARO OBREGÓN > COOPERATIVA UNION OLIVOS (COLONIA),True,False,Polygon,2026-07-05
09,CIUDAD DE MÉXICO,010,ÁLVARO OBREGÓN,010-055,CORPUS CHRISTY,COLONIA,ÁLVARO OBREGÓN > CORPUS CHRISTY (COLONIA),True,False,Polygon,2026-07-05
09,CIUDAD DE MÉXICO,010,ÁLVARO OBREGÓN,010-056,COVE,COLONIA,ÁLVARO OBREGÓN > COVE (COLONIA),True,False,Polygon,2026-07-05
09,CIUDAD DE MÉXICO,010,ÁLVARO OBREGÓN,010-057,CRISTO REY,COLONIA,ÁLVARO OBREGÓN > CRISTO REY (COLONIA),True,False,Polygon,2026-07-05
09,CIUDAD DE MÉXICO,010,ÁLVARO OBREGÓN,010-058,CUEVITAS,COLONIA,ÁLVARO OBREGÓN > CUEVITAS (COLONIA),True,False,Polygon,2026-07-05
09,CIUDAD DE MÉXICO,010,ÁLVARO OBREGÓN,010-059,DESARROLLO URBANO,COLONIA,ÁLVARO OBREGÓN > DESARROLLO URBANO (COLONIA),True,False,Polygon,2026-07-05
09,CIUDAD DE MÉXICO,010,ÁLVARO OBREGÓN,010-060,DOS RIOS DEL PUEBLO DE SANTA LUCIA,PUEBLOS Y BARRIOS ORIGINARIOS,ÁLVARO OBREGÓN > DOS RIOS DEL PUEBLO DE SANTA LUCIA (PUEBLOS Y BARRIOS ORIGINARIOS),False,False,Polygon,2026-07-05
09,CIUDAD DE MÉXICO,010,ÁLVARO OBREGÓN,010-061,EJIDO SAN MATEO,COLONIA,ÁLVARO OBREGÓN > EJIDO SAN MATEO (COLONIA),True,False,Polygon,2026-07-05
09,CIUDAD DE MÉXICO,010,ÁLVARO OBREGÓN,010-062,EL ARBOL,COLONIA,ÁLVARO OBREGÓN > EL ARBOL (COLONIA),True,False,Polygon,2026-07-05
09,CIUDAD DE MÉXICO,010,ÁLVARO OBREGÓN,010-063,EL BOSQUE 2A SECC,COLONIA,ÁLVARO OBREGÓN > EL BOSQUE 2A SECC (COLONIA),True,False,Polygon,2026-07-05
09,CIUDAD DE MÉXICO,010,ÁLVARO OBREGÓN,010-064,EL CAPULIN,COLONIA,ÁLVARO OBREGÓN > EL CAPULIN (COLONIA),True,False,Polygon,2026-07-05
09,CIUDAD DE MÉXICO,010,ÁLVARO OBREGÓN,010-065,EL CUERNITO,COLONIA,ÁLVARO OBREGÓN > EL CUERNITO (COLONIA),True,False,Polygon,2026-07-05
09,CIUDAD DE MÉXICO,010,ÁLVARO OBREGÓN,010-066,EL ENCINO DEL PUEBLO TETELPAN,PUEBLOS Y BARRIOS ORIGINARIOS,ÁLVARO OBREGÓN > EL ENCINO DEL PUEBLO TETELPAN (PUEBLOS Y BARRIOS ORIGINARIOS),False,False,Polygon,2026-07-05
09,CIUDAD DE MÉXICO,010,ÁLVARO OBREGÓN,010-067,EL MIRADOR DEL PUEBLO TETELPAN,PUEBLOS Y BARRIOS ORIGINARIOS,ÁLVARO OBREGÓN > EL MIRADOR DEL PUEBLO TETELPAN (PUEBLOS Y BARRIOS ORIGINARIOS),False,False,Polygon,2026-07-05
09,CIUDAD DE MÉXICO,010,ÁLVARO OBREGÓN,010-068,EL PIRU 2DA AMPLIACION,COLONIA,ÁLVARO OBREGÓN > EL PIRU 2DA AMPLIACION (COLONIA),True,False,Polygon,2026-07-05
09,CIUDAD DE MÉXICO,010,ÁLVARO OBREGÓN,010-069,EL PIRU SANTA FE,COLONIA,ÁLVARO OBREGÓN > EL PIRU SANTA FE (COLONIA),True,False,Polygon,2026-07-05
09,CIUDAD DE MÉXICO,010,ÁLVARO OBREGÓN,010-070,EL PIRUL,COLONIA,ÁLVARO OBREGÓN > EL PIRUL (COLONIA),True,False,Polygon,2026-07-05
09,CIUDAD DE MÉXICO,010,ÁLVARO OBREGÓN,010-071,EL POCITO,COLONIA,ÁLVARO OBREGÓN > EL POCITO (COLONIA),True,False,Polygon,2026-07-05
09,CIUDAD DE MÉXICO,010,ÁLVARO OBREGÓN,010-072,EL POLITOCO,COLONIA,ÁLVARO OBREGÓN > EL POLITOCO (COLONIA),True,False,Polygon,2026-07-05
09,CIUDAD DE MÉXICO,010,ÁLVARO OBREGÓN,010-073,EL RINCON,COLONIA,ÁLVARO OBREGÓN > EL RINCON (COLONIA),True,False,Polygon,2026-07-05
09,CIUDAD DE MÉXICO,010,ÁLVARO OBREGÓN,010-074,EL RODEO,COLONIA,ÁLVARO OBREGÓN > EL RODEO (COLONIA),True,False,Polygon,2026-07-05
09,CIUDAD DE MÉXICO,010,ÁLVARO OBREGÓN,010-075,EL RUEDO,COLONIA,ÁLVARO OBREGÓN > EL RUEDO (COLONIA),True,False,Polygon,2026-07-05
09,CIUDAD DE MÉXICO,010,ÁLVARO OBREGÓN,010-076,EL TEJOCOTE,COLONIA,ÁLVARO OBREGÓN > EL TEJOCOTE (COLONIA),True,False,Polygon,2026-07-05
09,CIUDAD DE MÉXICO,010,ÁLVARO OBREGÓN,010-077,ERMITA TIZAPAN,COLONIA,ÁLVARO OBREGÓN > ERMITA TIZAPAN (COLONIA),True,False,Polygon,2026-07-05
09,CIUDAD DE MÉXICO,010,ÁLVARO OBREGÓN,010-078,ESTADO DE HIDALGO,COLONIA,ÁLVARO OBREGÓN > ESTADO DE HIDALGO (COLONIA),True,False,Polygon,2026-07-05
09,CIUDAD DE MÉXICO,010,ÁLVARO OBREGÓN,010-079,EX-HACIENDA DE GUADALUPE CHIMALISTAC,COLONIA,ÁLVARO OBREGÓN > EX-HACIENDA DE GUADALUPE CHIMALISTAC (COLONIA),True,False,Polygon,2026-07-05
09,CIUDAD DE MÉXICO,010,ÁLVARO OBREGÓN,010-080,EX HACIENDA DE TARANGO,COLONIA,ÁLVARO OBREGÓN > EX HACIENDA DE TARANGO (COLONIA),True,False,Polygon,2026-07-05
09,CIUDAD DE MÉXICO,010,ÁLVARO OBREGÓN,010-081,EX HACIENDA DE TARANGO,COLONIA,ÁLVARO OBREGÓN > EX HACIENDA DE TARANGO (COLONIA),True,False,Polygon,2026-07-05
09,CIUDAD DE MÉXICO,010,ÁLVARO OBREGÓN,010-082,FLOR DE MARIA,COLONIA,ÁLVARO OBREGÓN > FLOR DE MARIA (COLONIA),True,False,Polygon,2026-07-05
09,CIUDAD DE MÉXICO,010,ÁLVARO OBREGÓN,010-083,FLORIDA,COLONIA,ÁLVARO OBREGÓN > FLORIDA (COLONIA),True,False,Polygon,2026-07-05
09,CIUDAD DE MÉXICO,010,ÁLVARO OBREGÓN,010-084,FRANCISCO VILLA,COLONIA,ÁLVARO OBREGÓN > FRANCISCO VILLA (COLONIA),True,False,Polygon,2026-07-05
09,CIUDAD DE MÉXICO,010,ÁLVARO OBREGÓN,010-085,GALEANA,COLONIA,ÁLVARO OBREGÓN > GALEANA (COLONIA),True,False,Polygon,2026-07-05
09,CIUDAD DE MÉXICO,010,ÁLVARO OBREGÓN,010-086,GARCIMARRERO,COLONIA,ÁLVARO OBREGÓN > GARCIMARRERO (COLONIA),True,False,Polygon,2026-07-05
09,CIUDAD DE MÉXICO,010,ÁLVARO OBREGÓN,010-087,GOLONDRINAS,COLONIA,ÁLVARO OBREGÓN > GOLONDRINAS (COLONIA),True,False,Polygon,2026-07-05
09,CIUDAD DE MÉXICO,010,ÁLVARO OBREGÓN,010-088,GOLONDRINAS 1RA SECCION,COLONIA,ÁLVARO OBREGÓN > GOLONDRINAS 1RA SECCION (COLONIA),True,False,Polygon,2026-07-05
09,CIUDAD DE MÉXICO,010,ÁLVARO OBREGÓN,010-089,GOLONDRINAS 2DA SECCION,COLONIA,ÁLVARO OBREGÓN > GOLONDRINAS 2DA SECCION (COLONIA),True,False,Polygon,2026-07-05
09,CIUDAD DE MÉXICO,010,ÁLVARO OBREGÓN,010-090,GUADALUPE INN,COLONIA,ÁLVARO OBREGÓN > GUADALUPE INN (COLONIA),True,False,Polygon,2026-07-05
09,CIUDAD DE MÉXICO,010,ÁLVARO OBREGÓN,010-091,HERON PROAL,COLONIA,ÁLVARO OBREGÓN > HERON PROAL (COLONIA),True,False,Polygon,2026-07-05
09,CIUDAD DE MÉXICO,010,ÁLVARO OBREGÓN,010-092,HIDALGO,COLONIA,ÁLVARO OBREGÓN > HIDALGO (COLONIA),True,False,Polygon,2026-07-05
09,CIUDAD DE MÉXICO,010,ÁLVARO OBREGÓN,010-093,HOGAR Y REDENCION,COLONIA,ÁLVARO OBREGÓN > HOGAR Y REDENCION (COLONIA),True,False,Polygon,2026-07-05
09,CIUDAD DE MÉXICO,010,ÁLVARO OBREGÓN,010-094,HUEYTLALE,COLONIA,ÁLVARO OBREGÓN > HUEYTLALE (COLONIA),True,False,Polygon,2026-07-05
09,CIUDAD DE MÉXICO,010,ÁLVARO OBREGÓN,010-095,ISIDRO FABELA,COLONIA,ÁLVARO OBREGÓN > ISIDRO FABELA (COLONIA),True,False,Polygon,2026-07-05
09,CIUDAD DE MÉXICO,010,ÁLVARO OBREGÓN,010-096,JALALPA EL GRANDE,COLONIA,ÁLVARO OBREGÓN > JALALPA EL GRANDE (COLONIA),True,False,Polygon,2026-07-05
09,CIUDAD DE MÉXICO,010,ÁLVARO OBREGÓN,010-097,JALALPA TEPITO,COLONIA,ÁLVARO OBREGÓN > JALALPA TEPITO (COLONIA),True,False,Polygon,2026-07-05
09,CIUDAD DE MÉXICO,010,ÁLVARO OBREGÓN,010-098,JALALPA TEPITO 2DA AMPLIACION,COLONIA,ÁLVARO OBREGÓN > JALALPA TEPITO 2DA AMPLIACION (COLONIA),True,False,Polygon,2026-07-05
09,CIUDAD DE MÉXICO,010,ÁLVARO OBREGÓN,010-099,JARDINES DEL PEDREGAL,COLONIA,ÁLVARO OBREGÓN > JARDINES DEL PEDREGAL (COLONIA),True,False,Polygon,2026-07-05
09,CIUDAD DE MÉXICO,010,ÁLVARO OBREGÓN,010-100,JOSE MARIA PINO SUAREZ,COLONIA,ÁLVARO OBREGÓN > JOSE MARIA PINO SUAREZ (COLONIA),True,False,Polygon,2026-07-05
09,CIUDAD DE MÉXICO,010,ÁLVARO OBREGÓN,010-101,LA ANGOSTURA,COLONIA,ÁLVARO OBREGÓN > LA ANGOSTURA (COLONIA),True,False,Polygon,2026-07-05
09,CIUDAD DE MÉXICO,010,ÁLVARO OBREGÓN,010-102,LA ARAÑA,COLONIA,ÁLVARO OBREGÓN > LA ARAÑA (COLONIA),True,False,Polygon,2026-07-05
09,CIUDAD DE MÉXICO,010,ÁLVARO OBREGÓN,010-103,LA CASCADA,COLONIA,ÁLVARO OBREGÓN > LA CASCADA (COLONIA),True,False,Polygon,2026-07-05
09,CIUDAD DE MÉXICO,010,ÁLVARO OBREGÓN,010-104,LA CONCHITA,COLONIA,ÁLVARO OBREGÓN > LA CONCHITA (COLONIA),True,False,Polygon,2026-07-05
09,CIUDAD DE MÉXICO,010,ÁLVARO OBREGÓN,010-105,LA ESTRELLA,COLONIA,ÁLVARO OBREGÓN > LA ESTRELLA (COLONIA),True,False,Polygon,2026-07-05
09,CIUDAD DE MÉXICO,010,ÁLVARO OBREGÓN,010-106,LA HERRADURA DEL PUEBLO TETELPAN,PUEBLOS Y BARRIOS ORIGINARIOS,ÁLVARO OBREGÓN > LA HERRADURA DEL PUEBLO TETELPAN (PUEBLOS Y BARRIOS ORIGINARIOS),False,False,Polygon,2026-07-05
09,CIUDAD DE MÉXICO,010,ÁLVARO OBREGÓN,010-107,LA HUERTA,COLONIA,ÁLVARO OBREGÓN > LA HUERTA (COLONIA),True,False,Polygon,2026-07-05
09,CIUDAD DE MÉXICO,010,ÁLVARO OBREGÓN,010-108,LA JOYA,COLONIA,ÁLVARO OBREGÓN > LA JOYA (COLONIA),True,False,Polygon,2026-07-05
09,CIUDAD DE MÉXICO,010,ÁLVARO OBREGÓN,010-109,LA JOYITA DEL PUEBLO TETELPAN,PUEBLOS Y BARRIOS ORIGINARIOS,ÁLVARO OBREGÓN > LA JOYITA DEL PUEBLO TETELPAN (PUEBLOS Y BARRIOS ORIGINARIOS),False,False,Polygon,2026-07-05
09,CIUDAD DE MÉXICO,010,ÁLVARO OBREGÓN,010-110,LA MARTINICA,COLONIA,ÁLVARO OBREGÓN > LA MARTINICA (COLONIA),True,False,Polygon,2026-07-05
09,CIUDAD DE MÉXICO,010,ÁLVARO OBREGÓN,010-111,LA MEXICANA,COLONIA,ÁLVARO OBREGÓN > LA MEXICANA (COLONIA),True,False,Polygon,2026-07-05
09,CIUDAD DE MÉXICO,010,ÁLVARO OBREGÓN,010-112,LA MEXICANA 2DA AMPLIACION,COLONIA,ÁLVARO OBREGÓN > LA MEXICANA 2DA AMPLIACION (COLONIA),True,False,Polygon,2026-07-05
09,CIUDAD DE MÉXICO,010,ÁLVARO OBREGÓN,010-113,LA MILAGROSA,COLONIA,ÁLVARO OBREGÓN > LA MILAGROSA (COLONIA),True,False,Polygon,2026-07-05
09,CIUDAD DE MÉXICO,010,ÁLVARO OBREGÓN,010-114,LA PALMITA,COLONIA,ÁLVARO OBREGÓN > LA PALMITA (COLONIA),True,False,Polygon,2026-07-05
09,CIUDAD DE MÉXICO,010,ÁLVARO OBREGÓN,010-115,LA PEÑITA DEL PUEBLO TETELPAN,PUEBLOS Y BARRIOS ORIGINARIOS,ÁLVARO OBREGÓN > LA PEÑITA DEL PUEBLO TETELPAN (PUEBLOS Y BARRIOS ORIGINARIOS),False,False,Polygon,2026-07-05
09,CIUDAD DE MÉXICO,010,ÁLVARO OBREGÓN,010-116,LA PRESA,COLONIA,ÁLVARO OBREGÓN > LA PRESA (COLONIA),True,False,Polygon,2026-07-05
09,CIUDAD DE MÉXICO,010,ÁLVARO OBREGÓN,010-117,LADERA,COLONIA,ÁLVARO OBREGÓN > LADERA (COLONIA),True,False,Polygon,2026-07-05
09,CIUDAD DE MÉXICO,010,ÁLVARO OBREGÓN,010-118,LAS AGUILAS,COLONIA,ÁLVARO OBREGÓN > LAS AGUILAS (COLONIA),True,False,Polygon,2026-07-05
09,CIUDAD DE MÉXICO,010,ÁLVARO OBREGÓN,010-119,LAS AGUILAS 1RA SECCION,COLONIA,ÁLVARO OBREGÓN > LAS AGUILAS 1RA SECCION (COLONIA),True,False,Polygon,2026-07-05
09,CIUDAD DE MÉXICO,010,ÁLVARO OBREGÓN,010-120,LAS AGUILAS 2DO PARQUE,COLONIA,ÁLVARO OBREGÓN > LAS AGUILAS 2DO PARQUE (COLONIA),True,False,Polygon,2026-07-05
09,CIUDAD DE MÉXICO,010,ÁLVARO OBREGÓN,010-121,LAS AGUILAS 3ER PARQUE,COLONIA,ÁLVARO OBREGÓN > LAS AGUILAS 3ER PARQUE (COLONIA),True,False,Polygon,2026-07-05
09,CIUDAD DE MÉXICO,010,ÁLVARO OBREGÓN,010-122,LAS AMERICAS,COLONIA,ÁLVARO OBREGÓN > LAS AMERICAS (COLONIA),True,False,Polygon,2026-07-05
09,CIUDAD DE MÉXICO,010,ÁLVARO OBREGÓN,010-123,LIBERACION PROLETARIA,COLONIA,ÁLVARO OBREGÓN > LIBERACION PROLETARIA (COLONIA),True,False,Polygon,2026-07-05
09,CIUDAD DE MÉXICO,010,ÁLVARO OBREGÓN,010-124,LIBERALES DE 1857,COLONIA,ÁLVARO OBREGÓN > LIBERALES DE 1857 (COLONIA),True,False,Polygon,2026-07-05
09,CIUDAD DE MÉXICO,010,ÁLVARO OBREGÓN,010-125,LLANO REDONDO,COLONIA,ÁLVARO OBREGÓN > LLANO REDONDO (COLONIA),True,False,Polygon,2026-07-05
09,CIUDAD DE MÉXICO,010,ÁLVARO OBREGÓN,010-126,LOMAS AXOMIATLA,COLONIA,ÁLVARO OBREGÓN > LOMAS AXOMIATLA (COLONIA),True,False,Polygon,2026-07-05
09,CIUDAD DE MÉXICO,010,ÁLVARO OBREGÓN,010-127,LOMAS DE BECERRA,COLONIA,ÁLVARO OBREGÓN > LOMAS DE BECERRA (COLONIA),True,False,Polygon,2026-07-05
09,CIUDAD DE MÉXICO,010,ÁLVARO OBREGÓN,010-128,LOMAS DE CAPULA,COLONIA,ÁLVARO OBREGÓN > LOMAS DE CAPULA (COLONIA),True,False,Polygon,2026-07-05
09,CIUDAD DE MÉXICO,010,ÁLVARO OBREGÓN,010-129,LOMAS DE CHAMONTOYA,COLONIA,ÁLVARO OBREGÓN > LOMAS DE CHAMONTOYA (COLONIA),True,False,Polygon,2026-07-05
09,CIUDAD DE MÉXICO,010,ÁLVARO OBREGÓN,010-130,LOMAS DE GUADALUPE,COLONIA,ÁLVARO OBREGÓN > LOMAS DE GUADALUPE (COLONIA),True,False,Polygon,2026-07-05
09,CIUDAD DE MÉXICO,010,ÁLVARO OBREGÓN,010-131,LOMAS DE LA ERA,COLONIA,ÁLVARO OBREGÓN > LOMAS DE LA ERA (COLONIA),True,False,Polygon,2026-07-05
09,CIUDAD DE MÉXICO,010,ÁLVARO OBREGÓN,010-132,LOMAS DE LAS AGUILAS,COLONIA,ÁLVARO OBREGÓN > LOMAS DE LAS AGUILAS (COLONIA),True,False,Polygon,2026-07-05
09,CIUDAD DE MÉXICO,010,ÁLVARO OBREGÓN,010-133,LOMAS DE LOS ANGELES PUEBLO TETELPAN,PUEBLOS Y BARRIOS ORIGINARIOS,ÁLVARO OBREGÓN > LOMAS DE LOS ANGELES PUEBLO TETELPAN (PUEBLOS Y BARRIOS ORIGINARIOS),False,False,Polygon,2026-07-05
09,CIUDAD DE MÉXICO,010,ÁLVARO OBREGÓN,010-134,LOMAS DE LOS CEDROS,COLONIA,ÁLVARO OBREGÓN > LOMAS DE LOS CEDROS (COLONIA),True,False,Polygon,2026-07-05
09,CIUDAD DE MÉXICO,010,ÁLVARO OBREGÓN,010-135,LOMAS DE NUEVO MEXICO,COLONIA,ÁLVARO OBREGÓN > LOMAS DE NUEVO MEXICO (COLONIA),True,False,Polygon,2026-07-05
09,CIUDAD DE MÉXICO,010,ÁLVARO OBREGÓN,010-136,LOMAS DE PLATEROS,COLONIA,ÁLVARO OBREGÓN > LOMAS DE PLATEROS (COLONIA),True,False,Polygon,2026-07-05
09,CIUDAD DE MÉXICO,010,ÁLVARO OBREGÓN,010-137,LOMAS DE PUERTA GRANDE,COLONIA,ÁLVARO OBREGÓN > LOMAS DE PUERTA GRANDE (COLONIA),True,False,Polygon,2026-07-05
09,CIUDAD DE MÉXICO,010,ÁLVARO OBREGÓN,010-138,LOMAS DE SAN ANGEL INN,COLONIA,ÁLVARO OBREGÓN > LOMAS DE SAN ANGEL INN (COLONIA),True,False,Polygon,2026-07-05
09,CIUDAD DE MÉXICO,010,ÁLVARO OBREGÓN,010-139,LOMAS DE SAN BERNABE,COLONIA,ÁLVARO OBREGÓN > LOMAS DE SAN BERNABE (COLONIA),True,False,Polygon,2026-07-05
09,CIUDAD DE MÉXICO,010,ÁLVARO OBREGÓN,010-140,LOMAS DE SANTA FE,COLONIA,ÁLVARO OBREGÓN > LOMAS DE SANTA FE (COLONIA),True,False,Polygon,2026-07-05
09,CIUDAD DE MÉXICO,010,ÁLVARO OBREGÓN,010-141,LOMAS DE TARANGO,COLONIA,ÁLVARO OBREGÓN > LOMAS DE TARANGO (COLONIA),True,False,Polygon,2026-07-05
09,CIUDAD DE MÉXICO,010,ÁLVARO OBREGÓN,010-142,LOS ALPES,COLONIA,ÁLVARO OBREGÓN > LOS ALPES (COLONIA),True,False,Polygon,2026-07-05
09,CIUDAD DE MÉXICO,010,ÁLVARO OBREGÓN,010-143,LOS CEDROS,COLONIA,ÁLVARO OBREGÓN > LOS CEDROS (COLONIA),True,False,Polygon,2026-07-05
09,CIUDAD DE MÉXICO,010,ÁLVARO OBREGÓN,010-144,LOS GAMITOS,COLONIA,ÁLVARO OBREGÓN > LOS GAMITOS (COLONIA),True,False,Polygon,2026-07-05
09,CIUDAD DE MÉXICO,010,ÁLVARO OBREGÓN,010-145,LOS JURISTAS,COLONIA,ÁLVARO OBREGÓN > LOS JURISTAS (COLONIA),True,False,Polygon,2026-07-05
09,CIUDAD DE MÉXICO,010,ÁLVARO OBREGÓN,010-146,MARGARITA MAZA DE JUAREZ,COLONIA,ÁLVARO OBREGÓN > MARGARITA MAZA DE JUAREZ (COLONIA),True,False,Polygon,2026-07-05
09,CIUDAD DE MÉXICO,010,ÁLVARO OBREGÓN,010-147,MARIA G DE GARCIA RUIZ,COLONIA,ÁLVARO OBREGÓN > MARIA G DE GARCIA RUIZ (COLONIA),True,False,Polygon,2026-07-05
09,CIUDAD DE MÉXICO,010,ÁLVARO OBREGÓN,010-148,MARTIRES DE TACUBAYA,COLONIA,ÁLVARO OBREGÓN > MARTIRES DE TACUBAYA (COLONIA),True,False,Polygon,2026-07-05
09,CIUDAD DE MÉXICO,010,ÁLVARO OBREGÓN,010-149,MERCED GOMEZ,COLONIA,ÁLVARO OBREGÓN > MERCED GOMEZ (COLONIA),True,False,Polygon,2026-07-05
09,CIUDAD DE MÉXICO,010,ÁLVARO OBREGÓN,010-150,MIGUEL GAONA ARMENTA,COLONIA,ÁLVARO OBREGÓN > MIGUEL GAONA ARMENTA (COLONIA),True,False,Polygon,2026-07-05
09,CIUDAD DE MÉXICO,010,ÁLVARO OBREGÓN,010-151,MIGUEL HIDALGO,COLONIA,ÁLVARO OBREGÓN > MIGUEL HIDALGO (COLONIA),True,False,Polygon,2026-07-05
09,CIUDAD DE MÉXICO,010,ÁLVARO OBREGÓN,010-152,MINAS CRISTO REY,COLONIA,ÁLVARO OBREGÓN > MINAS CRISTO REY (COLONIA),True,False,Polygon,2026-07-05
09,CIUDAD DE MÉXICO,010,ÁLVARO OBREGÓN,010-153,MOLINO DE ROSAS,COLONIA,ÁLVARO OBREGÓN > MOLINO DE ROSAS (COLONIA),True,False,Polygon,2026-07-05
09,CIUDAD DE MÉXICO,010,ÁLVARO OBREGÓN,010-154,MOLINO DE SANTO DOMINGO,COLONIA,ÁLVARO OBREGÓN > MOLINO DE SANTO DOMINGO (COLONIA),True,False,Polygon,2026-07-05
09,CIUDAD DE MÉXICO,010,ÁLVARO OBREGÓN,010-155,OCOTILLOS DEL PUEBLO TETELPAN,PUEBLOS Y BARRIOS ORIGINARIOS,ÁLVARO OBREGÓN > OCOTILLOS DEL PUEBLO TETELPAN (PUEBLOS Y BARRIOS ORIGINARIOS),False,False,Polygon,2026-07-05
09,CIUDAD DE MÉXICO,010,ÁLVARO OBREGÓN,010-156,OLIVAR DE LOS PADRES,COLONIA,ÁLVARO OBREGÓN > OLIVAR DE LOS PADRES (COLONIA),True,False,Polygon,2026-07-05
09,CIUDAD DE MÉXICO,010,ÁLVARO OBREGÓN,010-157,OLIVAR DEL CONDE 1RA SECCION,COLONIA,ÁLVARO OBREGÓN > OLIVAR DEL CONDE 1RA SECCION (COLONIA),True,False,Polygon,2026-07-05
09,CIUDAD DE MÉXICO,010,ÁLVARO OBREGÓN,010-158,OLIVAR DEL CONDE 2DA SECCION,COLONIA,ÁLVARO OBREGÓN > OLIVAR DEL CONDE 2DA SECCION (COLONIA),True,False,Polygon,2026-07-05
09,CIUDAD DE MÉXICO,010,ÁLVARO OBREGÓN,010-159,PALMAS,COLONIA,ÁLVARO OBREGÓN > PALMAS (COLONIA),True,False,Polygon,2026-07-05
09,CIUDAD DE MÉXICO,010,ÁLVARO OBREGÓN,010-160,PALMAS AXOTITLA,COLONIA,ÁLVARO OBREGÓN > PALMAS AXOTITLA (COLONIA),True,False,Polygon,2026-07-05
09,CIUDAD DE MÉXICO,010,ÁLVARO OBREGÓN,010-161,PARAISO,COLONIA,ÁLVARO OBREGÓN > PARAISO (COLONIA),True,False,Polygon,2026-07-05
09,CIUDAD DE MÉXICO,010,ÁLVARO OBREGÓN,010-162,PASEO DE LAS LOMAS,COLONIA,ÁLVARO OBREGÓN > PASEO DE LAS LOMAS (COLONIA),True,False,Polygon,2026-07-05
09,CIUDAD DE MÉXICO,010,ÁLVARO OBREGÓN,010-163,PILOTO ADOLFO LOPEZ MATEOS,COLONIA,ÁLVARO OBREGÓN > PILOTO ADOLFO LOPEZ MATEOS (COLONIA),True,False,Polygon,2026-07-05
09,CIUDAD DE MÉXICO,010,ÁLVARO OBREGÓN,010-164,PIRU SANTA LUCIA,COLONIA,ÁLVARO OBREGÓN > PIRU SANTA LUCIA (COLONIA),True,False,Polygon,2026-07-05
09,CIUDAD DE MÉXICO,010,ÁLVARO OBREGÓN,010-165,POLVORA,COLONIA,ÁLVARO OBREGÓN > POLVORA (COLONIA),True,False,Polygon,2026-07-05
09,CIUDAD DE MÉXICO,010,ÁLVARO OBREGÓN,010-166,PONCIANO ARRIAGA,COLONIA,ÁLVARO OBREGÓN > PONCIANO ARRIAGA (COLONIA),True,False,Polygon,2026-07-05
09,CIUDAD DE MÉXICO,010,ÁLVARO OBREGÓN,010-167,PRECONCRETO,COLONIA,ÁLVARO OBREGÓN > PRECONCRETO (COLONIA),True,False,Polygon,2026-07-05
09,CIUDAD DE MÉXICO,010,ÁLVARO OBREGÓN,010-168,PRESIDENTES,COLONIA,ÁLVARO OBREGÓN > PRESIDENTES (COLONIA),True,False,Polygon,2026-07-05
09,CIUDAD DE MÉXICO,010,ÁLVARO OBREGÓN,010-169,PROFESOR J ARTURO LOPEZ MARTINEZ,COLONIA,ÁLVARO OBREGÓN > PROFESOR J ARTURO LOPEZ MARTINEZ (COLONIA),True,False,Polygon,2026-07-05
09,CIUDAD DE MÉXICO,010,ÁLVARO OBREGÓN,010-170,PROGRESO TIZAPAN,COLONIA,ÁLVARO OBREGÓN > PROGRESO TIZAPAN (COLONIA),True,False,Polygon,2026-07-05
09,CIUDAD DE MÉXICO,010,ÁLVARO OBREGÓN,010-171,PUEBLO AXOTLA,PUEBLOS Y BARRIOS ORIGINARIOS,ÁLVARO OBREGÓN > PUEBLO AXOTLA (PUEBLOS Y BARRIOS ORIGINARIOS),False,False,Polygon,2026-07-05
09,CIUDAD DE MÉXICO,010,ÁLVARO OBREGÓN,010-172,PUEBLO NUEVO,PUEBLOS Y BARRIOS ORIGINARIOS,ÁLVARO OBREGÓN > PUEBLO NUEVO (PUEBLOS Y BARRIOS ORIGINARIOS),False,False,Polygon,2026-07-05
09,CIUDAD DE MÉXICO,010,ÁLVARO OBREGÓN,010-173,PUEBLO SAN BARTOLO AMEYALCO,PUEBLOS Y BARRIOS ORIGINARIOS,ÁLVARO OBREGÓN > PUEBLO SAN BARTOLO AMEYALCO (PUEBLOS Y BARRIOS ORIGINARIOS),False,False,Polygon,2026-07-05
09,CIUDAD DE MÉXICO,010,ÁLVARO OBREGÓN,010-174,PUEBLO SANTA FE,PUEBLOS Y BARRIOS ORIGINARIOS,ÁLVARO OBREGÓN > PUEBLO SANTA FE (PUEBLOS Y BARRIOS ORIGINARIOS),False,False,Polygon,2026-07-05
09,CIUDAD DE MÉXICO,010,ÁLVARO OBREGÓN,010-175,PUEBLO SANTA LUCIA,PUEBLOS Y BARRIOS ORIGINARIOS,ÁLVARO OBREGÓN > PUEBLO SANTA LUCIA (PUEBLOS Y BARRIOS ORIGINARIOS),False,False,Polygon,2026-07-05
09,CIUDAD DE MÉXICO,010,ÁLVARO OBREGÓN,010-176,PUEBLO SANTA LUCIA CHANTEPEC,PUEBLOS Y BARRIOS ORIGINARIOS,ÁLVARO OBREGÓN > PUEBLO SANTA LUCIA CHANTEPEC (PUEBLOS Y BARRIOS ORIGINARIOS),False,False,Polygon,2026-07-05
09,CIUDAD DE MÉXICO,010,ÁLVARO OBREGÓN,010-177,PUEBLO SANTA ROSA XOCHIAC,PUEBLOS Y BARRIOS ORIGINARIOS,ÁLVARO OBREGÓN > PUEBLO SANTA ROSA XOCHIAC (PUEBLOS Y BARRIOS ORIGINARIOS),False,False,Polygon,2026-07-05
09,CIUDAD DE MÉXICO,010,ÁLVARO OBREGÓN,010-178,PUEBLO TETELPAN,PUEBLOS Y BARRIOS ORIGINARIOS,ÁLVARO OBREGÓN > PUEBLO TETELPAN (PUEBLOS Y BARRIOS ORIGINARIOS),False,False,Polygon,2026-07-05
09,CIUDAD DE MÉXICO,010,ÁLVARO OBREGÓN,010-179,PUEBLO TIZAPAN,PUEBLOS Y BARRIOS ORIGINARIOS,ÁLVARO OBREGÓN > PUEBLO TIZAPAN (PUEBLOS Y BARRIOS ORIGINARIOS),False,False,Polygon,2026-07-05
09,CIUDAD DE MÉXICO,010,ÁLVARO OBREGÓN,010-180,PUEBLO TLACOPAC,PUEBLOS Y BARRIOS ORIGINARIOS,ÁLVARO OBREGÓN > PUEBLO TLACOPAC (PUEBLOS Y BARRIOS ORIGINARIOS),False,False,Polygon,2026-07-05
09,CIUDAD DE MÉXICO,010,ÁLVARO OBREGÓN,010-181,PUENTE COLORADO,COLONIA,ÁLVARO OBREGÓN > PUENTE COLORADO (COLONIA),True,False,Polygon,2026-07-05
09,CIUDAD DE MÉXICO,010,ÁLVARO OBREGÓN,010-182,PUERTA GRANDE,COLONIA,ÁLVARO OBREGÓN > PUERTA GRANDE (COLONIA),True,False,Polygon,2026-07-05
09,CIUDAD DE MÉXICO,010,ÁLVARO OBREGÓN,010-183,PUNTA DE CEGUAYA,COLONIA,ÁLVARO OBREGÓN > PUNTA DE CEGUAYA (COLONIA),True,False,Polygon,2026-07-05
09,CIUDAD DE MÉXICO,010,ÁLVARO OBREGÓN,010-184,RANCHO DEL CARMEN DEL PUEBLO SAN BARTOLO AMEYALCO,PUEBLOS Y BARRIOS ORIGINARIOS,ÁLVARO OBREGÓN > RANCHO DEL CARMEN DEL PUEBLO SAN BARTOLO AMEYALCO (PUEBLOS Y BARRIOS ORIGINARIOS),False,False,Polygon,2026-07-05
09,CIUDAD DE MÉXICO,010,ÁLVARO OBREGÓN,010-185,RANCHO SAN FRANCISCO DEL PBLO SAN BARTOLO AMEYALCO,COLONIA,ÁLVARO OBREGÓN > RANCHO SAN FRANCISCO DEL PBLO SAN BARTOLO AMEYALCO (COLONIA),True,False,Polygon,2026-07-05
09,CIUDAD DE MÉXICO,010,ÁLVARO OBREGÓN,010-186,REACOMODO EL CUERNITO,COLONIA,ÁLVARO OBREGÓN > REACOMODO EL CUERNITO (COLONIA),True,False,Polygon,2026-07-05
09,CIUDAD DE MÉXICO,010,ÁLVARO OBREGÓN,010-187,REACOMODO PINO SUAREZ,COLONIA,ÁLVARO OBREGÓN > REACOMODO PINO SUAREZ (COLONIA),True,False,Polygon,2026-07-05
09,CIUDAD DE MÉXICO,010,ÁLVARO OBREGÓN,010-188,REACOMODO VALENTIN GOMEZ FARIAS,COLONIA,ÁLVARO OBREGÓN > REACOMODO VALENTIN GOMEZ FARIAS (COLONIA),True,False,Polygon,2026-07-05
09,CIUDAD DE MÉXICO,010,ÁLVARO OBREGÓN,010-189,REAL DEL MONTE,COLONIA,ÁLVARO OBREGÓN > REAL DEL MONTE (COLONIA),True,False,Polygon,2026-07-05
09,CIUDAD DE MÉXICO,010,ÁLVARO OBREGÓN,010-190,RINCON DE LA BOLSA,COLONIA,ÁLVARO OBREGÓN > RINCON DE LA BOLSA (COLONIA),True,False,Polygon,2026-07-05
09,CIUDAD DE MÉXICO,010,ÁLVARO OBREGÓN,010-191,RINCONADA DE TARANGO,COLONIA,ÁLVARO OBREGÓN > RINCONADA DE TARANGO (COLONIA),True,False,Polygon,2026-07-05
09,CIUDAD DE MÉXICO,010,ÁLVARO OBREGÓN,010-192,RINCONADA LAS CUEVITAS,COLONIA,ÁLVARO OBREGÓN > RINCONADA LAS CUEVITAS (COLONIA),True,False,Polygon,2026-07-05
09,CIUDAD DE MÉXICO,010,ÁLVARO OBREGÓN,010-193,SACRAMENTO,COLONIA,ÁLVARO OBREGÓN > SACRAMENTO (COLONIA),True,False,Polygon,2026-07-05
09,CIUDAD DE MÉXICO,010,ÁLVARO OBREGÓN,010-194,SAN AGUSTIN DEL PUEBLO TETELPAN,PUEBLOS Y BARRIOS ORIGINARIOS,ÁLVARO OBREGÓN > SAN AGUSTIN DEL PUEBLO TETELPAN (PUEBLOS Y BARRIOS ORIGINARIOS),False,False,Polygon,2026-07-05
09,CIUDAD DE MÉXICO,010,ÁLVARO OBREGÓN,010-195,SAN ANGEL,COLONIA,ÁLVARO OBREGÓN > SAN ANGEL (COLONIA),True,False,Polygon,2026-07-05
09,CIUDAD DE MÉXICO,010,ÁLVARO OBREGÓN,010-196,SAN ANGEL INN,COLONIA,ÁLVARO OBREGÓN > SAN ANGEL INN (COLONIA),True,False,Polygon,2026-07-05
09,CIUDAD DE MÉXICO,010,ÁLVARO OBREGÓN,010-197,SAN CLEMENTE NORTE,COLONIA,ÁLVARO OBREGÓN > SAN CLEMENTE NORTE (COLONIA),True,False,Polygon,2026-07-05
09,CIUDAD DE MÉXICO,010,ÁLVARO OBREGÓN,010-198,SAN CLEMENTE SUR,COLONIA,ÁLVARO OBREGÓN > SAN CLEMENTE SUR (COLONIA),True,False,Polygon,2026-07-05
09,CIUDAD DE MÉXICO,010,ÁLVARO OBREGÓN,010-199,SAN GABRIEL,COLONIA,ÁLVARO OBREGÓN > SAN GABRIEL (COLONIA),True,False,Polygon,2026-07-05
09,CIUDAD DE MÉXICO,010,ÁLVARO OBREGÓN,010-200,SAN JERONIMO ACULCO,COLONIA,ÁLVARO OBREGÓN > SAN JERONIMO ACULCO (COLONIA),True,False,Polygon,2026-07-05
09,CIUDAD DE MÉXICO,010,ÁLVARO OBREGÓN,010-201,SAN JOSE DEL OLIVAR,COLONIA,ÁLVARO OBREGÓN > SAN JOSE DEL OLIVAR (COLONIA),True,False,Polygon,2026-07-05
09,CIUDAD DE MÉXICO,010,ÁLVARO OBREGÓN,010-202,SAN PEDRO DE LOS PINOS,COLONIA,ÁLVARO OBREGÓN > SAN PEDRO DE LOS PINOS (COLONIA),True,False,Polygon,2026-07-05
09,CIUDAD DE MÉXICO,010,ÁLVARO OBREGÓN,010-203,SANTA FE,COLONIA,ÁLVARO OBREGÓN > SANTA FE (COLONIA),True,False,Polygon,2026-07-05
09,CIUDAD DE MÉXICO,010,ÁLVARO OBREGÓN,010-204,SANTA FE CENTRO CIUDAD,COLONIA,ÁLVARO OBREGÓN > SANTA FE CENTRO CIUDAD (COLONIA),True,False,Polygon,2026-07-05
09,CIUDAD DE MÉXICO,010,ÁLVARO OBREGÓN,010-205,SANTA FE LA LOMA,COLONIA,ÁLVARO OBREGÓN > SANTA FE LA LOMA (COLONIA),True,False,Polygon,2026-07-05
09,CIUDAD DE MÉXICO,010,ÁLVARO OBREGÓN,010-206,SANTA FE PEÑA BLANCA,COLONIA,ÁLVARO OBREGÓN > SANTA FE PEÑA BLANCA (COLONIA),True,False,Polygon,2026-07-05
09,CIUDAD DE MÉXICO,010,ÁLVARO OBREGÓN,010-207,SANTA FE TLAYAPACA,COLONIA,ÁLVARO OBREGÓN > SANTA FE TLAYAPACA (COLONIA),True,False,Polygon,2026-07-05
09,CIUDAD DE MÉXICO,010,ÁLVARO OBREGÓN,010-208,SANTA LUCIA CHANTEPEC,COLONIA,ÁLVARO OBREGÓN > SANTA LUCIA CHANTEPEC (COLONIA),True,False,Polygon,2026-07-05
09,CIUDAD DE MÉXICO,010,ÁLVARO OBREGÓN,010-209,TARANGO,COLONIA,ÁLVARO OBREGÓN > TARANGO (COLONIA),True,False,Polygon,2026-07-05
09,CIUDAD DE MÉXICO,010,ÁLVARO OBREGÓN,010-210,TECALCAPA DEL PUEBLO TETELPAN,PUEBLOS Y BARRIOS ORIGINARIOS,ÁLVARO OBREGÓN > TECALCAPA DEL PUEBLO TETELPAN (PUEBLOS Y BARRIOS ORIGINARIOS),False,False,Polygon,2026-07-05
09,CIUDAD DE MÉXICO,010,ÁLVARO OBREGÓN,010-211,TECOLALCO,COLONIA,ÁLVARO OBREGÓN > TECOLALCO (COLONIA),True,False,Polygon,2026-07-05
09,CIUDAD DE MÉXICO,010,ÁLVARO OBREGÓN,010-212,TEPEACA,COLONIA,ÁLVARO OBREGÓN > TEPEACA (COLONIA),True,False,Polygon,2026-07-05
09,CIUDAD DE MÉXICO,010,ÁLVARO OBREGÓN,010-213,TEPOPOTLA,COLONIA,ÁLVARO OBREGÓN > TEPOPOTLA (COLONIA),True,False,Polygon,2026-07-05
09,CIUDAD DE MÉXICO,010,ÁLVARO OBREGÓN,010-214,TIZAMPAMPANO DEL PUEBLO TETELPAN,PUEBLOS Y BARRIOS ORIGINARIOS,ÁLVARO OBREGÓN > TIZAMPAMPANO DEL PUEBLO TETELPAN (PUEBLOS Y BARRIOS ORIGINARIOS),False,False,Polygon,2026-07-05
09,CIUDAD DE MÉXICO,010,ÁLVARO OBREGÓN,010-215,TLACOYAQUE,COLONIA,ÁLVARO OBREGÓN > TLACOYAQUE (COLONIA),True,False,Polygon,2026-07-05
09,CIUDAD DE MÉXICO,010,ÁLVARO OBREGÓN,010-216,TLACUITLAPA,COLONIA,ÁLVARO OBREGÓN > TLACUITLAPA (COLONIA),True,False,Polygon,2026-07-05
09,CIUDAD DE MÉXICO,010,ÁLVARO OBREGÓN,010-217,TLAPECHICO,COLONIA,ÁLVARO OBREGÓN > TLAPECHICO (COLONIA),True,False,Polygon,2026-07-05
09,CIUDAD DE MÉXICO,010,ÁLVARO OBREGÓN,010-218,TOLTECA,COLONIA,ÁLVARO OBREGÓN > TOLTECA (COLONIA),True,False,Polygon,2026-07-05
09,CIUDAD DE MÉXICO,010,ÁLVARO OBREGÓN,010-219,TORRES DE POTRERO,COLONIA,ÁLVARO OBREGÓN > TORRES DE POTRERO (COLONIA),True,False,Polygon,2026-07-05
09,CIUDAD DE MÉXICO,010,ÁLVARO OBREGÓN,010-220,VILLA PROGRESISTA,COLONIA,ÁLVARO OBREGÓN > VILLA PROGRESISTA (COLONIA),True,False,Polygon,2026-07-05
09,CIUDAD DE MÉXICO,010,ÁLVARO OBREGÓN,010-221,VILLA SOLIDARIDAD,COLONIA,ÁLVARO OBREGÓN > VILLA SOLIDARIDAD (COLONIA),True,False,Polygon,2026-07-05
09,CIUDAD DE MÉXICO,010,ÁLVARO OBREGÓN,010-222,VILLA VERDUN,COLONIA,ÁLVARO OBREGÓN > VILLA VERDUN (COLONIA),True,False,Polygon,2026-07-05
09,CIUDAD DE MÉXICO,010,ÁLVARO OBREGÓN,010-223,ZENON DELGADO,COLONIA,ÁLVARO OBREGÓN > ZENON DELGADO (COLONIA),True,False,Polygon,2026-07-05
09,CIUDAD DE MÉXICO,010,ÁLVARO OBREGÓN,010-224,ZONA FEDERAL,COLONIA,ÁLVARO OBREGÓN > ZONA FEDERAL (COLONIA),True,False,Polygon,2026-07-05
09,CIUDAD DE MÉXICO,010,ÁLVARO OBREGÓN,010-225,ZONA FEDERAL,COLONIA,ÁLVARO OBREGÓN > ZONA FEDERAL (COLONIA),True,False,Polygon,2026-07-05
09,CIUDAD DE MÉXICO,011,TLÁHUAC,011-001,AGRICOLA METROPOLITANA,COLONIA,TLÁHUAC > AGRICOLA METROPOLITANA (COLONIA),True,False,Polygon,2026-07-05
09,CIUDAD DE MÉXICO,011,TLÁHUAC,011-002,AMPLIACION ZAPOTITLA,COLONIA,TLÁHUAC > AMPLIACION ZAPOTITLA (COLONIA),True,False,Polygon,2026-07-05
09,CIUDAD DE MÉXICO,011,TLÁHUAC,011-003,AMPLIACION JOSE LOPEZ PORTILLO,COLONIA,TLÁHUAC > AMPLIACION JOSE LOPEZ PORTILLO (COLONIA),True,False,Polygon,2026-07-05
09,CIUDAD DE MÉXICO,011,TLÁHUAC,011-004,AMPLIACION LA CONCHITA,COLONIA,TLÁHUAC > AMPLIACION LA CONCHITA (COLONIA),True,False,Polygon,2026-07-05
09,CIUDAD DE MÉXICO,011,TLÁHUAC,011-005,AMPLIACION LOS OLIVOS,COLONIA,TLÁHUAC > AMPLIACION LOS OLIVOS (COLONIA),True,False,Polygon,2026-07-05
09,CIUDAD DE MÉXICO,011,TLÁHUAC,011-006,AMPLIACION SANTA CATARINA,COLONIA,TLÁHUAC > AMPLIACION SANTA CATARINA (COLONIA),True,False,Polygon,2026-07-05
09,CIUDAD DE MÉXICO,011,TLÁHUAC,011-007,AMPLIACION SELENE,COLONIA,TLÁHUAC > AMPLIACION SELENE (COLONIA),True,False,Polygon,2026-07-05
09,CIUDAD DE MÉXICO,011,TLÁHUAC,011-008,BARRIO GUADALUPE STA CATARINA YEC,PUEBLOS Y BARRIOS ORIGINARIOS,TLÁHUAC > BARRIO GUADALUPE STA CATARINA YEC (PUEBLOS Y BARRIOS ORIGINARIOS),False,False,Polygon,2026-07-05
09,CIUDAD DE MÉXICO,011,TLÁHUAC,011-009,BARRIO LA ASUNCION,PUEBLOS Y BARRIOS ORIGINARIOS,TLÁHUAC > BARRIO LA ASUNCION (PUEBLOS Y BARRIOS ORIGINARIOS),False,False,Polygon,2026-07-05
09,CIUDAD DE MÉXICO,011,TLÁHUAC,011-010,BARRIO LA CONCEPCION PUEBLO SAN JUAN IXTAYOPAN,PUEBLOS Y BARRIOS ORIGINARIOS,TLÁHUAC > BARRIO LA CONCEPCION PUEBLO SAN JUAN IXTAYOPAN (PUEBLOS Y BARRIOS ORIGINARIOS),False,False,Polygon,2026-07-05
09,CIUDAD DE MÉXICO,011,TLÁHUAC,011-011,BARRIO LA GUADALUPE,PUEBLOS Y BARRIOS ORIGINARIOS,TLÁHUAC > BARRIO LA GUADALUPE (PUEBLOS Y BARRIOS ORIGINARIOS),False,False,Polygon,2026-07-05
09,CIUDAD DE MÉXICO,011,TLÁHUAC,011-012,BARRIO LA GUADALUPE PUEBLO SAN PEDRO TLAHUAC,PUEBLOS Y BARRIOS ORIGINARIOS,TLÁHUAC > BARRIO LA GUADALUPE PUEBLO SAN PEDRO TLAHUAC (PUEBLOS Y BARRIOS ORIGINARIOS),False,False,Polygon,2026-07-05
09,CIUDAD DE MÉXICO,011,TLÁHUAC,011-013,BARRIO LA MAGDALENA,PUEBLOS Y BARRIOS ORIGINARIOS,TLÁHUAC > BARRIO LA MAGDALENA (PUEBLOS Y BARRIOS ORIGINARIOS),False,False,Polygon,2026-07-05
09,CIUDAD DE MÉXICO,011,TLÁHUAC,011-014,BARRIO LA SOLEDAD DEL PUEBLO SAN JUAN IXTAYOPAN,PUEBLOS Y BARRIOS ORIGINARIOS,TLÁHUAC > BARRIO LA SOLEDAD DEL PUEBLO SAN JUAN IXTAYOPAN (PUEBLOS Y BARRIOS ORIGINARIOS),False,False,Polygon,2026-07-05
09,CIUDAD DE MÉXICO,011,TLÁHUAC,011-015,BARRIO LOS REYES,PUEBLOS Y BARRIOS ORIGINARIOS,TLÁHUAC > BARRIO LOS REYES (PUEBLOS Y BARRIOS ORIGINARIOS),False,False,Polygon,2026-07-05
09,CIUDAD DE MÉXICO,011,TLÁHUAC,011-016,BARRIO LOS REYES,PUEBLOS Y BARRIOS ORIGINARIOS,TLÁHUAC > BARRIO LOS REYES (PUEBLOS Y BARRIOS ORIGINARIOS),False,False,Polygon,2026-07-05
09,CIUDAD DE MÉXICO,011,TLÁHUAC,011-017,BARRIO SAN AGUSTIN,PUEBLOS Y BARRIOS ORIGINARIOS,TLÁHUAC > BARRIO SAN AGUSTIN (PUEBLOS Y BARRIOS ORIGINARIOS),False,False,Polygon,2026-07-05
09,CIUDAD DE MÉXICO,011,TLÁHUAC,011-018,BARRIO SAN AGUSTIN PUEBLO SAN JUAN IXTAYOPAN,PUEBLOS Y BARRIOS ORIGINARIOS,TLÁHUAC > BARRIO SAN AGUSTIN PUEBLO SAN JUAN IXTAYOPAN (PUEBLOS Y BARRIOS ORIGINARIOS),False,False,Polygon,2026-07-05
09,CIUDAD DE MÉXICO,011,TLÁHUAC,011-019,BARRIO SAN ANDRES,PUEBLOS Y BARRIOS ORIGINARIOS,TLÁHUAC > BARRIO SAN ANDRES (PUEBLOS Y BARRIOS ORIGINARIOS),False,False,Polygon,2026-07-05
09,CIUDAD DE MÉXICO,011,TLÁHUAC,011-020,BARRIO SAN BARTOLOME,PUEBLOS Y BARRIOS ORIGINARIOS,TLÁHUAC > BARRIO SAN BARTOLOME (PUEBLOS Y BARRIOS ORIGINARIOS),False,False,Polygon,2026-07-05
09,CIUDAD DE MÉXICO,011,TLÁHUAC,011-021,BARRIO SAN JUAN,PUEBLOS Y BARRIOS ORIGINARIOS,TLÁHUAC > BARRIO SAN JUAN (PUEBLOS Y BARRIOS ORIGINARIOS),False,False,Polygon,2026-07-05
09,CIUDAD DE MÉXICO,011,TLÁHUAC,011-022,BARRIO SAN MATEO,PUEBLOS Y BARRIOS ORIGINARIOS,TLÁHUAC > BARRIO SAN MATEO (PUEBLOS Y BARRIOS ORIGINARIOS),False,False,Polygon,2026-07-05
09,CIUDAD DE MÉXICO,011,TLÁHUAC,011-023,BARRIO SAN MIGUEL,PUEBLOS Y BARRIOS ORIGINARIOS,TLÁHUAC > BARRIO SAN MIGUEL (PUEBLOS Y BARRIOS ORIGINARIOS),False,False,Polygon,2026-07-05
09,CIUDAD DE MÉXICO,011,TLÁHUAC,011-024,BARRIO SAN MIGUEL,PUEBLOS Y BARRIOS ORIGINARIOS,TLÁHUAC > BARRIO SAN MIGUEL (PUEBLOS Y BARRIOS ORIGINARIOS),False,False,Polygon,2026-07-05
09,CIUDAD DE MÉXICO,011,TLÁHUAC,011-025,BARRIO SAN MIGUEL,PUEBLOS Y BARRIOS ORIGINARIOS,TLÁHUAC > BARRIO SAN MIGUEL (PUEBLOS Y BARRIOS ORIGINARIOS),False,False,Polygon,2026-07-05
09,CIUDAD DE MÉXICO,011,TLÁHUAC,011-026,BARRIO SAN MIGUEL PUEBLO SAN PEDRO TLAHUAC,PUEBLOS Y BARRIOS ORIGINARIOS,TLÁHUAC > BARRIO SAN MIGUEL PUEBLO SAN PEDRO TLAHUAC (PUEBLOS Y BARRIOS ORIGINARIOS),False,False,Polygon,2026-07-05
09,CIUDAD DE MÉXICO,011,TLÁHUAC,011-027,BARRIO SANTA ANA,PUEBLOS Y BARRIOS ORIGINARIOS,TLÁHUAC > BARRIO SANTA ANA (PUEBLOS Y BARRIOS ORIGINARIOS),False,False,Polygon,2026-07-05
09,CIUDAD DE MÉXICO,011,TLÁHUAC,011-028,BARRIO SANTA ANA CENTRO,PUEBLOS Y BARRIOS ORIGINARIOS,TLÁHUAC > BARRIO SANTA ANA CENTRO (PUEBLOS Y BARRIOS ORIGINARIOS),False,False,Polygon,2026-07-05
09,CIUDAD DE MÉXICO,011,TLÁHUAC,011-029,BARRIO SANTA ANA NORTE,PUEBLOS Y BARRIOS ORIGINARIOS,TLÁHUAC > BARRIO SANTA ANA NORTE (PUEBLOS Y BARRIOS ORIGINARIOS),False,False,Polygon,2026-07-05
09,CIUDAD DE MÉXICO,011,TLÁHUAC,011-030,BARRIO SANTA ANA PONIENTE,PUEBLOS Y BARRIOS ORIGINARIOS,TLÁHUAC > BARRIO SANTA ANA PONIENTE (PUEBLOS Y BARRIOS ORIGINARIOS),False,False,Polygon,2026-07-05
09,CIUDAD DE MÉXICO,011,TLÁHUAC,011-031,BARRIO SANTA ANA SUR,PUEBLOS Y BARRIOS ORIGINARIOS,TLÁHUAC > BARRIO SANTA ANA SUR (PUEBLOS Y BARRIOS ORIGINARIOS),False,False,Polygon,2026-07-05
09,CIUDAD DE MÉXICO,011,TLÁHUAC,011-032,BARRIO SANTA CRUZ,PUEBLOS Y BARRIOS ORIGINARIOS,TLÁHUAC > BARRIO SANTA CRUZ (PUEBLOS Y BARRIOS ORIGINARIOS),False,False,Polygon,2026-07-05
09,CIUDAD DE MÉXICO,011,TLÁHUAC,011-033,BARRIO SANTIAGO,PUEBLOS Y BARRIOS ORIGINARIOS,TLÁHUAC > BARRIO SANTIAGO (PUEBLOS Y BARRIOS ORIGINARIOS),False,False,Polygon,2026-07-05
09,CIUDAD DE MÉXICO,011,TLÁHUAC,011-034,BARRIO SANTIAGO CENTRO DEL PUEBLO SANTIAGO ZAPOTITLAN,PUEBLOS Y BARRIOS ORIGINARIOS,TLÁHUAC > BARRIO SANTIAGO CENTRO DEL PUEBLO SANTIAGO ZAPOTITLAN (PUEBLOS Y BARRIOS ORIGINARIOS),False,False,Polygon,2026-07-05
09,CIUDAD DE MÉXICO,011,TLÁHUAC,011-035,BARRIO SANTIAGO NORTE DEL PUEBLO SANTIAGO ZAPOTITLAN,PUEBLOS Y BARRIOS ORIGINARIOS,TLÁHUAC > BARRIO SANTIAGO NORTE DEL PUEBLO SANTIAGO ZAPOTITLAN (PUEBLOS Y BARRIOS ORIGINARIOS),False,False,Polygon,2026-07-05
09,CIUDAD DE MÉXICO,011,TLÁHUAC,011-036,BARRIO SANTIAGO SUR,PUEBLOS Y BARRIOS ORIGINARIOS,TLÁHUAC > BARRIO SANTIAGO SUR (PUEBLOS Y BARRIOS ORIGINARIOS),False,False,Polygon,2026-07-05
09,CIUDAD DE MÉXICO,011,TLÁHUAC,011-037,CHICHILAULA,COLONIA,TLÁHUAC > CHICHILAULA (COLONIA),True,False,Polygon,2026-07-05
09,CIUDAD DE MÉXICO,011,TLÁHUAC,011-038,DEL MAR,COLONIA,TLÁHUAC > DEL MAR (COLONIA),True,False,Polygon,2026-07-05
09,CIUDAD DE MÉXICO,011,TLÁHUAC,011-039,EL ROSARIO,COLONIA,TLÁHUAC > EL ROSARIO (COLONIA),True,False,Polygon,2026-07-05
09,CIUDAD DE MÉXICO,011,TLÁHUAC,011-040,EL TRIANGULO,COLONIA,TLÁHUAC > EL TRIANGULO (COLONIA),True,False,Polygon,2026-07-05
09,CIUDAD DE MÉXICO,011,TLÁHUAC,011-041,EL TRIANGULO DEL PBLO. DE SN. FCO. TLALTENCO,COLONIA,TLÁHUAC > EL TRIANGULO DEL PBLO. DE SN. FCO. TLALTENCO (COLONIA),True,False,Polygon,2026-07-05
09,CIUDAD DE MÉXICO,011,TLÁHUAC,011-042,FRANCISCO VILLA,COLONIA,TLÁHUAC > FRANCISCO VILLA (COLONIA),True,False,Polygon,2026-07-05
09,CIUDAD DE MÉXICO,011,TLÁHUAC,011-043,GRANJAS CABRERA,COLONIA,TLÁHUAC > GRANJAS CABRERA (COLONIA),True,False,Polygon,2026-07-05
09,CIUDAD DE MÉXICO,011,TLÁHUAC,011-044,GUADALUPE TLALTENCO,COLONIA,TLÁHUAC > GUADALUPE TLALTENCO (COLONIA),True,False,Polygon,2026-07-05
09,CIUDAD DE MÉXICO,011,TLÁHUAC,011-045,JAIME TORRES BODET,COLONIA,TLÁHUAC > JAIME TORRES BODET (COLONIA),True,False,Polygon,2026-07-05
09,CIUDAD DE MÉXICO,011,TLÁHUAC,011-046,JARDINES DEL LLANO,COLONIA,TLÁHUAC > JARDINES DEL LLANO (COLONIA),True,False,Polygon,2026-07-05
09,CIUDAD DE MÉXICO,011,TLÁHUAC,011-047,LA ASUNCION,COLONIA,TLÁHUAC > LA ASUNCION (COLONIA),True,False,Polygon,2026-07-05
09,CIUDAD DE MÉXICO,011,TLÁHUAC,011-048,LA CONCEPCION,COLONIA,TLÁHUAC > LA CONCEPCION (COLONIA),True,False,Polygon,2026-07-05
09,CIUDAD DE MÉXICO,011,TLÁHUAC,011-049,LA CONCHITA ZAPOTITLAN,COLONIA,TLÁHUAC > LA CONCHITA ZAPOTITLAN (COLONIA),True,False,Polygon,2026-07-05
09,CIUDAD DE MÉXICO,011,TLÁHUAC,011-050,LA DRAGA,COLONIA,TLÁHUAC > LA DRAGA (COLONIA),True,False,Polygon,2026-07-05
09,CIUDAD DE MÉXICO,011,TLÁHUAC,011-051,LA ESTACION,COLONIA,TLÁHUAC > LA ESTACION (COLONIA),True,False,Polygon,2026-07-05
09,CIUDAD DE MÉXICO,011,TLÁHUAC,011-052,LA HABANA,COLONIA,TLÁHUAC > LA HABANA (COLONIA),True,False,Polygon,2026-07-05
09,CIUDAD DE MÉXICO,011,TLÁHUAC,011-053,LA LUPITA,COLONIA,TLÁHUAC > LA LUPITA (COLONIA),True,False,Polygon,2026-07-05
09,CIUDAD DE MÉXICO,011,TLÁHUAC,011-054,LA MEZA,COLONIA,TLÁHUAC > LA MEZA (COLONIA),True,False,Polygon,2026-07-05
09,CIUDAD DE MÉXICO,011,TLÁHUAC,011-055,LA NOPALERA,COLONIA,TLÁHUAC > LA NOPALERA (COLONIA),True,False,Polygon,2026-07-05
09,CIUDAD DE MÉXICO,011,TLÁHUAC,011-056,LA TURBA,COLONIA,TLÁHUAC > LA TURBA (COLONIA),True,False,Polygon,2026-07-05
09,CIUDAD DE MÉXICO,011,TLÁHUAC,011-057,LAS ARBOLEDAS,COLONIA,TLÁHUAC > LAS ARBOLEDAS (COLONIA),True,False,Polygon,2026-07-05
09,CIUDAD DE MÉXICO,011,TLÁHUAC,011-058,LOPEZ PORTILLO DEL PUEBLO SAN FRANCISCO TLALTENCO,PUEBLOS Y BARRIOS ORIGINARIOS,TLÁHUAC > LOPEZ PORTILLO DEL PUEBLO SAN FRANCISCO TLALTENCO (PUEBLOS Y BARRIOS ORIGINARIOS),False,False,Polygon,2026-07-05
09,CIUDAD DE MÉXICO,011,TLÁHUAC,011-059,LOS OLIVOS,COLONIA,TLÁHUAC > LOS OLIVOS (COLONIA),True,False,Polygon,2026-07-05
09,CIUDAD DE MÉXICO,011,TLÁHUAC,011-060,MIGUEL HIDALGO,COLONIA,TLÁHUAC > MIGUEL HIDALGO (COLONIA),True,False,Polygon,2026-07-05
09,CIUDAD DE MÉXICO,011,TLÁHUAC,011-061,OJO DE AGUA,COLONIA,TLÁHUAC > OJO DE AGUA (COLONIA),True,False,Polygon,2026-07-05
09,CIUDAD DE MÉXICO,011,TLÁHUAC,011-062,PEÑA ALTA,COLONIA,TLÁHUAC > PEÑA ALTA (COLONIA),True,False,Polygon,2026-07-05
09,CIUDAD DE MÉXICO,011,TLÁHUAC,011-063,POTRERO DEL LLANO,COLONIA,TLÁHUAC > POTRERO DEL LLANO (COLONIA),True,False,Polygon,2026-07-05
09,CIUDAD DE MÉXICO,011,TLÁHUAC,011-064,PUEBLO SAN FRANCISCO TLALTENCO,PUEBLOS Y BARRIOS ORIGINARIOS,TLÁHUAC > PUEBLO SAN FRANCISCO TLALTENCO (PUEBLOS Y BARRIOS ORIGINARIOS),False,False,Polygon,2026-07-05
09,CIUDAD DE MÉXICO,011,TLÁHUAC,011-065,PUEBLO SAN NICOLAS TETELCO,PUEBLOS Y BARRIOS ORIGINARIOS,TLÁHUAC > PUEBLO SAN NICOLAS TETELCO (PUEBLOS Y BARRIOS ORIGINARIOS),False,False,Polygon,2026-07-05
09,CIUDAD DE MÉXICO,011,TLÁHUAC,011-066,PUEBLO SANTA CATARINA YECAHUIZOTL,PUEBLOS Y BARRIOS ORIGINARIOS,TLÁHUAC > PUEBLO SANTA CATARINA YECAHUIZOTL (PUEBLOS Y BARRIOS ORIGINARIOS),False,False,Polygon,2026-07-05
09,CIUDAD DE MÉXICO,011,TLÁHUAC,011-067,PUEBLO TULYEHUALCO,PUEBLOS Y BARRIOS ORIGINARIOS,TLÁHUAC > PUEBLO TULYEHUALCO (PUEBLOS Y BARRIOS ORIGINARIOS),False,False,Polygon,2026-07-05
09,CIUDAD DE MÉXICO,011,TLÁHUAC,011-068,QUIAHUATLA,COLONIA,TLÁHUAC > QUIAHUATLA (COLONIA),True,False,Polygon,2026-07-05
09,CIUDAD DE MÉXICO,011,TLÁHUAC,011-069,SAN ISIDRO,COLONIA,TLÁHUAC > SAN ISIDRO (COLONIA),True,False,Polygon,2026-07-05
09,CIUDAD DE MÉXICO,011,TLÁHUAC,011-070,SAN JOSE TLAHUAC DEL PUEBLO SAN PEDRO TLAHUAC,PUEBLOS Y BARRIOS ORIGINARIOS,TLÁHUAC > SAN JOSE TLAHUAC DEL PUEBLO SAN PEDRO TLAHUAC (PUEBLOS Y BARRIOS ORIGINARIOS),False,False,Polygon,2026-07-05
09,CIUDAD DE MÉXICO,011,TLÁHUAC,011-071,SAN SEBASTIAN DEL PUEBLO SAN PEDRO TLAHUAC,PUEBLOS Y BARRIOS ORIGINARIOS,TLÁHUAC > SAN SEBASTIAN DEL PUEBLO SAN PEDRO TLAHUAC (PUEBLOS Y BARRIOS ORIGINARIOS),False,False,Polygon,2026-07-05
09,CIUDAD DE MÉXICO,011,TLÁHUAC,011-072,SANTA CECILIA,COLONIA,TLÁHUAC > SANTA CECILIA (COLONIA),True,False,Polygon,2026-07-05
09,CIUDAD DE MÉXICO,011,TLÁHUAC,011-073,SELENE,COLONIA,TLÁHUAC > SELENE (COLONIA),True,False,Polygon,2026-07-05
09,CIUDAD DE MÉXICO,011,TLÁHUAC,011-074,SELENE DEL PUEBLO SAN FRANCISCO TLALTENCO,PUEBLOS Y BARRIOS ORIGINARIOS,TLÁHUAC > SELENE DEL PUEBLO SAN FRANCISCO TLALTENCO (PUEBLOS Y BARRIOS ORIGINARIOS),False,False,Polygon,2026-07-05
09,CIUDAD DE MÉXICO,011,TLÁHUAC,011-075,TEMPILULI,COLONIA,TLÁHUAC > TEMPILULI (COLONIA),True,False,Polygon,2026-07-05
09,CIUDAD DE MÉXICO,011,TLÁHUAC,011-076,TEOZOMA,COLONIA,TLÁHUAC > TEOZOMA (COLONIA),True,False,Polygon,2026-07-05
09,CIUDAD DE MÉXICO,011,TLÁHUAC,011-077,TEPANTITLAMILCO,COLONIA,TLÁHUAC > TEPANTITLAMILCO (COLONIA),True,False,Polygon,2026-07-05
09,CIUDAD DE MÉXICO,011,TLÁHUAC,011-078,TIERRA BLANCA,COLONIA,TLÁHUAC > TIERRA BLANCA (COLONIA),True,False,Polygon,2026-07-05
09,CIUDAD DE MÉXICO,011,TLÁHUAC,011-079,VILLA CENTROAMERICANA,COLONIA,TLÁHUAC > VILLA CENTROAMERICANA (COLONIA),True,False,Polygon,2026-07-05
09,CIUDAD DE MÉXICO,011,TLÁHUAC,011-080,ZACATENCO,COLONIA,TLÁHUAC > ZACATENCO (COLONIA),True,False,Polygon,2026-07-05
09,CIUDAD DE MÉXICO,011,TLÁHUAC,011-081,ZAPOTITLA,COLONIA,TLÁHUAC > ZAPOTITLA (COLONIA),True,False,Polygon,2026-07-05
09,CIUDAD DE MÉXICO,012,TLALPAN,012-001,2 DE OCTUBRE,COLONIA,TLALPAN > 2 DE OCTUBRE (COLONIA),True,False,Polygon,2026-07-05
09,CIUDAD DE MÉXICO,012,TLALPAN,012-002,A M S A,COLONIA,TLALPAN > A M S A (COLONIA),True,False,Polygon,2026-07-05
09,CIUDAD DE MÉXICO,012,TLALPAN,012-003,AMPLIACION FUENTES DEL PEDREGAL,COLONIA,TLALPAN > AMPLIACION FUENTES DEL PEDREGAL (COLONIA),True,False,Polygon,2026-07-05
09,CIUDAD DE MÉXICO,012,TLALPAN,012-004,AMPLIACION ISIDRO FABELA,COLONIA,TLALPAN > AMPLIACION ISIDRO FABELA (COLONIA),True,False,Polygon,2026-07-05
09,CIUDAD DE MÉXICO,012,TLALPAN,012-005,ARBOLEDAS DEL SUR,COLONIA,TLALPAN > ARBOLEDAS DEL SUR (COLONIA),True,False,Polygon,2026-07-05
09,CIUDAD DE MÉXICO,012,TLALPAN,012-006,ARENAL DE GUADALUPE,COLONIA,TLALPAN > ARENAL DE GUADALUPE (COLONIA),True,False,Polygon,2026-07-05
09,CIUDAD DE MÉXICO,012,TLALPAN,012-007,ARENAL TEPEPAN,COLONIA,TLALPAN > ARENAL TEPEPAN (COLONIA),True,False,Polygon,2026-07-05
09,CIUDAD DE MÉXICO,012,TLALPAN,012-008,BARRIO DE CARAMAGUEY,PUEBLOS Y BARRIOS ORIGINARIOS,TLALPAN > BARRIO DE CARAMAGUEY (PUEBLOS Y BARRIOS ORIGINARIOS),False,False,Polygon,2026-07-05
09,CIUDAD DE MÉXICO,012,TLALPAN,012-009,BARRIO DEL NIÑO JESUS,PUEBLOS Y BARRIOS ORIGINARIOS,TLALPAN > BARRIO DEL NIÑO JESUS (PUEBLOS Y BARRIOS ORIGINARIOS),False,False,Polygon,2026-07-05
09,CIUDAD DE MÉXICO,012,TLALPAN,012-010,BARRIO EL CAPULIN,PUEBLOS Y BARRIOS ORIGINARIOS,TLALPAN > BARRIO EL CAPULIN (PUEBLOS Y BARRIOS ORIGINARIOS),False,False,Polygon,2026-07-05
09,CIUDAD DE MÉXICO,012,TLALPAN,012-011,BARRIO EL TRUENITO,PUEBLOS Y BARRIOS ORIGINARIOS,TLALPAN > BARRIO EL TRUENITO (PUEBLOS Y BARRIOS ORIGINARIOS),False,False,Polygon,2026-07-05
09,CIUDAD DE MÉXICO,012,TLALPAN,012-012,BARRIO LA FAMA,PUEBLOS Y BARRIOS ORIGINARIOS,TLALPAN > BARRIO LA FAMA (PUEBLOS Y BARRIOS ORIGINARIOS),False,False,Polygon,2026-07-05
09,CIUDAD DE MÉXICO,012,TLALPAN,012-013,BARRIO LA LONJA,PUEBLOS Y BARRIOS ORIGINARIOS,TLALPAN > BARRIO LA LONJA (PUEBLOS Y BARRIOS ORIGINARIOS),False,False,Polygon,2026-07-05
09,CIUDAD DE MÉXICO,012,TLALPAN,012-014,BARRIO SAN FERNANDO,PUEBLOS Y BARRIOS ORIGINARIOS,TLALPAN > BARRIO SAN FERNANDO (PUEBLOS Y BARRIOS ORIGINARIOS),False,False,Polygon,2026-07-05
09,CIUDAD DE MÉXICO,012,TLALPAN,012-015,BELISARIO DOMINGUEZ,COLONIA,TLALPAN > BELISARIO DOMINGUEZ (COLONIA),True,False,Polygon,2026-07-05
09,CIUDAD DE MÉXICO,012,TLALPAN,012-016,BELISARIO DOMINGUEZ SECCION XVI,COLONIA,TLALPAN > BELISARIO DOMINGUEZ SECCION XVI (COLONIA),True,False,Polygon,2026-07-05
09,CIUDAD DE MÉXICO,012,TLALPAN,012-017,BELVEDERE AJUSCO,COLONIA,TLALPAN > BELVEDERE AJUSCO (COLONIA),True,False,Polygon,2026-07-05
09,CIUDAD DE MÉXICO,012,TLALPAN,012-018,BOSQUES DE TEPEXIMILPA,COLONIA,TLALPAN > BOSQUES DE TEPEXIMILPA (COLONIA),True,False,Polygon,2026-07-05
09,CIUDAD DE MÉXICO,012,TLALPAN,012-019,BOSQUES DEL PEDREGAL,COLONIA,TLALPAN > BOSQUES DEL PEDREGAL (COLONIA),True,False,Polygon,2026-07-05
09,CIUDAD DE MÉXICO,012,TLALPAN,012-020,CANTERA PUENTE DE PIEDRA,COLONIA,TLALPAN > CANTERA PUENTE DE PIEDRA (COLONIA),True,False,Polygon,2026-07-05
09,CIUDAD DE MÉXICO,012,TLALPAN,012-021,CHICHICASPATL,COLONIA,TLALPAN > CHICHICASPATL (COLONIA),True,False,Polygon,2026-07-05
09,CIUDAD DE MÉXICO,012,TLALPAN,012-022,CHIMALLI,COLONIA,TLALPAN > CHIMALLI (COLONIA),True,False,Polygon,2026-07-05
09,CIUDAD DE MÉXICO,012,TLALPAN,012-023,CHIMILLI,COLONIA,TLALPAN > CHIMILLI (COLONIA),True,False,Polygon,2026-07-05
09,CIUDAD DE MÉXICO,012,TLALPAN,012-024,CLUB DE GOLF MEXICO,COLONIA,TLALPAN > CLUB DE GOLF MEXICO (COLONIA),True,False,Polygon,2026-07-05
09,CIUDAD DE MÉXICO,012,TLALPAN,012-025,COLINAS DEL AJUSCO,COLONIA,TLALPAN > COLINAS DEL AJUSCO (COLONIA),True,False,Polygon,2026-07-05
09,CIUDAD DE MÉXICO,012,TLALPAN,012-026,COLINAS DEL BOSQUE,COLONIA,TLALPAN > COLINAS DEL BOSQUE (COLONIA),True,False,Polygon,2026-07-05
09,CIUDAD DE MÉXICO,012,TLALPAN,012-027,COMUNEROS DE SANTA URSULA,COLONIA,TLALPAN > COMUNEROS DE SANTA URSULA (COLONIA),True,False,Polygon,2026-07-05
09,CIUDAD DE MÉXICO,012,TLALPAN,012-028,CRUZ DEL FAROL,COLONIA,TLALPAN > CRUZ DEL FAROL (COLONIA),True,False,Polygon,2026-07-05
09,CIUDAD DE MÉXICO,012,TLALPAN,012-029,CUCHILLA DE PADIERNA,COLONIA,TLALPAN > CUCHILLA DE PADIERNA (COLONIA),True,False,Polygon,2026-07-05
09,CIUDAD DE MÉXICO,012,TLALPAN,012-030,CULTURA MAYA,COLONIA,TLALPAN > CULTURA MAYA (COLONIA),True,False,Polygon,2026-07-05
09,CIUDAD DE MÉXICO,012,TLALPAN,012-031,CUMBRES DE TEPETONGO,COLONIA,TLALPAN > CUMBRES DE TEPETONGO (COLONIA),True,False,Polygon,2026-07-05
09,CIUDAD DE MÉXICO,012,TLALPAN,012-032,DIAMANTE,COLONIA,TLALPAN > DIAMANTE (COLONIA),True,False,Polygon,2026-07-05
09,CIUDAD DE MÉXICO,012,TLALPAN,012-033,DIVISADERO,COLONIA,TLALPAN > DIVISADERO (COLONIA),True,False,Polygon,2026-07-05
09,CIUDAD DE MÉXICO,012,TLALPAN,012-034,DOLORES TLALI,COLONIA,TLALPAN > DOLORES TLALI (COLONIA),True,False,Polygon,2026-07-05
09,CIUDAD DE MÉXICO,012,TLALPAN,012-035,EJIDOS DE SAN PEDRO MARTIR,COLONIA,TLALPAN > EJIDOS DE SAN PEDRO MARTIR (COLONIA),True,False,Polygon,2026-07-05
09,CIUDAD DE MÉXICO,012,TLALPAN,012-036,EL CANTIL,COLONIA,TLALPAN > EL CANTIL (COLONIA),True,False,Polygon,2026-07-05
09,CIUDAD DE MÉXICO,012,TLALPAN,012-037,EL CHARCO,COLONIA,TLALPAN > EL CHARCO (COLONIA),True,False,Polygon,2026-07-05
09,CIUDAD DE MÉXICO,012,TLALPAN,012-038,EL FRESNO,COLONIA,TLALPAN > EL FRESNO (COLONIA),True,False,Polygon,2026-07-05
09,CIUDAD DE MÉXICO,012,TLALPAN,012-039,EL MIRADOR 1A SECCION,COLONIA,TLALPAN > EL MIRADOR 1A SECCION (COLONIA),True,False,Polygon,2026-07-05
09,CIUDAD DE MÉXICO,012,TLALPAN,012-040,EL MIRADOR 2A SECCION,COLONIA,TLALPAN > EL MIRADOR 2A SECCION (COLONIA),True,False,Polygon,2026-07-05
09,CIUDAD DE MÉXICO,012,TLALPAN,012-041,EL MIRADOR 3A SECCION,COLONIA,TLALPAN > EL MIRADOR 3A SECCION (COLONIA),True,False,Polygon,2026-07-05
09,CIUDAD DE MÉXICO,012,TLALPAN,012-042,EX HACIENDA COAPA,COLONIA,TLALPAN > EX HACIENDA COAPA (COLONIA),True,False,Polygon,2026-07-05
09,CIUDAD DE MÉXICO,012,TLALPAN,012-043,EX HACIENDA SAN JUAN DE DIOS,COLONIA,TLALPAN > EX HACIENDA SAN JUAN DE DIOS (COLONIA),True,False,Polygon,2026-07-05
09,CIUDAD DE MÉXICO,012,TLALPAN,012-044,FLORESTA COYOACAN,COLONIA,TLALPAN > FLORESTA COYOACAN (COLONIA),True,False,Polygon,2026-07-05
09,CIUDAD DE MÉXICO,012,TLALPAN,012-045,FUENTES BROTANTES,COLONIA,TLALPAN > FUENTES BROTANTES (COLONIA),True,False,Polygon,2026-07-05
09,CIUDAD DE MÉXICO,012,TLALPAN,012-046,FUENTES DE TEPEPAN,COLONIA,TLALPAN > FUENTES DE TEPEPAN (COLONIA),True,False,Polygon,2026-07-05
09,CIUDAD DE MÉXICO,012,TLALPAN,012-047,FUENTES DEL PEDREGAL,COLONIA,TLALPAN > FUENTES DEL PEDREGAL (COLONIA),True,False,Polygon,2026-07-05
09,CIUDAD DE MÉXICO,012,TLALPAN,012-048,GRANJAS COAPA,COLONIA,TLALPAN > GRANJAS COAPA (COLONIA),True,False,Polygon,2026-07-05
09,CIUDAD DE MÉXICO,012,TLALPAN,012-049,GUADALUPE,COLONIA,TLALPAN > GUADALUPE (COLONIA),True,False,Polygon,2026-07-05
09,CIUDAD DE MÉXICO,012,TLALPAN,012-050,HACIENDA SAN JUAN,COLONIA,TLALPAN > HACIENDA SAN JUAN (COLONIA),True,False,Polygon,2026-07-05
09,CIUDAD DE MÉXICO,012,TLALPAN,012-051,HEROES DE 1910,COLONIA,TLALPAN > HEROES DE 1910 (COLONIA),True,False,Polygon,2026-07-05
09,CIUDAD DE MÉXICO,012,TLALPAN,012-052,HEROES DE PADIERNA,COLONIA,TLALPAN > HEROES DE PADIERNA (COLONIA),True,False,Polygon,2026-07-05
09,CIUDAD DE MÉXICO,012,TLALPAN,012-053,HEROICO COLEGIO MILITAR,COLONIA,TLALPAN > HEROICO COLEGIO MILITAR (COLONIA),True,False,Polygon,2026-07-05
09,CIUDAD DE MÉXICO,012,TLALPAN,012-054,ISIDRO FABELA,COLONIA,TLALPAN > ISIDRO FABELA (COLONIA),True,False,Polygon,2026-07-05
09,CIUDAD DE MÉXICO,012,TLALPAN,012-055,JARDINES DEL AJUSCO,COLONIA,TLALPAN > JARDINES DEL AJUSCO (COLONIA),True,False,Polygon,2026-07-05
09,CIUDAD DE MÉXICO,012,TLALPAN,012-056,JARDINES EN LA MONTAÑA,COLONIA,TLALPAN > JARDINES EN LA MONTAÑA (COLONIA),True,False,Polygon,2026-07-05
09,CIUDAD DE MÉXICO,012,TLALPAN,012-057,JUVENTUD UNIDA,COLONIA,TLALPAN > JUVENTUD UNIDA (COLONIA),True,False,Polygon,2026-07-05
09,CIUDAD DE MÉXICO,012,TLALPAN,012-058,LA JOYA,COLONIA,TLALPAN > LA JOYA (COLONIA),True,False,Polygon,2026-07-05
09,CIUDAD DE MÉXICO,012,TLALPAN,012-059,LA PALMA,COLONIA,TLALPAN > LA PALMA (COLONIA),True,False,Polygon,2026-07-05
09,CIUDAD DE MÉXICO,012,TLALPAN,012-060,LAS TORTOLAS,COLONIA,TLALPAN > LAS TORTOLAS (COLONIA),True,False,Polygon,2026-07-05
09,CIUDAD DE MÉXICO,012,TLALPAN,012-061,LOMAS DE CUILOTEPEC,COLONIA,TLALPAN > LOMAS DE CUILOTEPEC (COLONIA),True,False,Polygon,2026-07-05
09,CIUDAD DE MÉXICO,012,TLALPAN,012-062,LOMAS DE PADIERNA,COLONIA,TLALPAN > LOMAS DE PADIERNA (COLONIA),True,False,Polygon,2026-07-05
09,CIUDAD DE MÉXICO,012,TLALPAN,012-063,LOMAS DE PADIERNA SUR,COLONIA,TLALPAN > LOMAS DE PADIERNA SUR (COLONIA),True,False,Polygon,2026-07-05
09,CIUDAD DE MÉXICO,012,TLALPAN,012-064,LOMAS DEL PEDREGAL,COLONIA,TLALPAN > LOMAS DEL PEDREGAL (COLONIA),True,False,Polygon,2026-07-05
09,CIUDAD DE MÉXICO,012,TLALPAN,012-065,LOMAS DEL PEDREGAL FRAMBOYANES,COLONIA,TLALPAN > LOMAS DEL PEDREGAL FRAMBOYANES (COLONIA),True,False,Polygon,2026-07-05
09,CIUDAD DE MÉXICO,012,TLALPAN,012-066,LOMAS HIDALGO,COLONIA,TLALPAN > LOMAS HIDALGO (COLONIA),True,False,Polygon,2026-07-05
09,CIUDAD DE MÉXICO,012,TLALPAN,012-067,LOS ENCINOS,COLONIA,TLALPAN > LOS ENCINOS (COLONIA),True,False,Polygon,2026-07-05
09,CIUDAD DE MÉXICO,012,TLALPAN,012-068,LOS VOLCANES,COLONIA,TLALPAN > LOS VOLCANES (COLONIA),True,False,Polygon,2026-07-05
09,CIUDAD DE MÉXICO,012,TLALPAN,012-069,MAGISTERIAL,COLONIA,TLALPAN > MAGISTERIAL (COLONIA),True,False,Polygon,2026-07-05
09,CIUDAD DE MÉXICO,012,TLALPAN,012-070,MAGISTERIAL COAPA,COLONIA,TLALPAN > MAGISTERIAL COAPA (COLONIA),True,False,Polygon,2026-07-05
09,CIUDAD DE MÉXICO,012,TLALPAN,012-071,MARIA ESTHER ZUNO DE ECHEVERRIA,COLONIA,TLALPAN > MARIA ESTHER ZUNO DE ECHEVERRIA (COLONIA),True,False,Polygon,2026-07-05
09,CIUDAD DE MÉXICO,012,TLALPAN,012-072,MESA DE LOS HORNOS,COLONIA,TLALPAN > MESA DE LOS HORNOS (COLONIA),True,False,Polygon,2026-07-05
09,CIUDAD DE MÉXICO,012,TLALPAN,012-073,MIGUEL HIDALGO,COLONIA,TLALPAN > MIGUEL HIDALGO (COLONIA),True,False,Polygon,2026-07-05
09,CIUDAD DE MÉXICO,012,TLALPAN,012-074,MIGUEL HIDALGO 1A SECCION,COLONIA,TLALPAN > MIGUEL HIDALGO 1A SECCION (COLONIA),True,False,Polygon,2026-07-05
09,CIUDAD DE MÉXICO,012,TLALPAN,012-075,MIGUEL HIDALGO 2A SECCION,COLONIA,TLALPAN > MIGUEL HIDALGO 2A SECCION (COLONIA),True,False,Polygon,2026-07-05
09,CIUDAD DE MÉXICO,012,TLALPAN,012-076,MIGUEL HIDALGO 3A SECCION,COLONIA,TLALPAN > MIGUEL HIDALGO 3A SECCION (COLONIA),True,False,Polygon,2026-07-05
09,CIUDAD DE MÉXICO,012,TLALPAN,012-077,MIGUEL HIDALGO 4A SECCION,COLONIA,TLALPAN > MIGUEL HIDALGO 4A SECCION (COLONIA),True,False,Polygon,2026-07-05
09,CIUDAD DE MÉXICO,012,TLALPAN,012-078,MIRADOR DEL VALLE,COLONIA,TLALPAN > MIRADOR DEL VALLE (COLONIA),True,False,Polygon,2026-07-05
09,CIUDAD DE MÉXICO,012,TLALPAN,012-079,MIRADOR I,COLONIA,TLALPAN > MIRADOR I (COLONIA),True,False,Polygon,2026-07-05
09,CIUDAD DE MÉXICO,012,TLALPAN,012-080,MIRADOR II,COLONIA,TLALPAN > MIRADOR II (COLONIA),True,False,Polygon,2026-07-05
09,CIUDAD DE MÉXICO,012,TLALPAN,012-081,MOVIMIENTO ORGANIZADO DE TLALPAN,COLONIA,TLALPAN > MOVIMIENTO ORGANIZADO DE TLALPAN (COLONIA),True,False,Polygon,2026-07-05
09,CIUDAD DE MÉXICO,012,TLALPAN,012-082,NARCISO MENDOZA,COLONIA,TLALPAN > NARCISO MENDOZA (COLONIA),True,False,Polygon,2026-07-05
09,CIUDAD DE MÉXICO,012,TLALPAN,012-083,NUEVA ORIENTAL COAPA,COLONIA,TLALPAN > NUEVA ORIENTAL COAPA (COLONIA),True,False,Polygon,2026-07-05
09,CIUDAD DE MÉXICO,012,TLALPAN,012-084,NUEVO RENACIMIENTO DE AXALCO,COLONIA,TLALPAN > NUEVO RENACIMIENTO DE AXALCO (COLONIA),True,False,Polygon,2026-07-05
09,CIUDAD DE MÉXICO,012,TLALPAN,012-085,PARAJE 38,COLONIA,TLALPAN > PARAJE 38 (COLONIA),True,False,Polygon,2026-07-05
09,CIUDAD DE MÉXICO,012,TLALPAN,012-086,PARQUE DEL PEDREGAL,COLONIA,TLALPAN > PARQUE DEL PEDREGAL (COLONIA),True,False,Polygon,2026-07-05
09,CIUDAD DE MÉXICO,012,TLALPAN,012-087,PARQUE NACIONAL BOSQUE DEL PEDREGAL,COLONIA,TLALPAN > PARQUE NACIONAL BOSQUE DEL PEDREGAL (COLONIA),True,False,Polygon,2026-07-05
09,CIUDAD DE MÉXICO,012,TLALPAN,012-088,PEDREGAL DE LAS AGUILAS,COLONIA,TLALPAN > PEDREGAL DE LAS AGUILAS (COLONIA),True,False,Polygon,2026-07-05
09,CIUDAD DE MÉXICO,012,TLALPAN,012-089,PEDREGAL DE SAN NICOLAS 1A SECCION,COLONIA,TLALPAN > PEDREGAL DE SAN NICOLAS 1A SECCION (COLONIA),True,False,Polygon,2026-07-05
09,CIUDAD DE MÉXICO,012,TLALPAN,012-090,PEDREGAL DE SAN NICOLAS 2A SECCION,COLONIA,TLALPAN > PEDREGAL DE SAN NICOLAS 2A SECCION (COLONIA),True,False,Polygon,2026-07-05
09,CIUDAD DE MÉXICO,012,TLALPAN,012-091,PEDREGAL DE SAN NICOLAS 3A SECCION,COLONIA,TLALPAN > PEDREGAL DE SAN NICOLAS 3A SECCION (COLONIA),True,False,Polygon,2026-07-05
09,CIUDAD DE MÉXICO,012,TLALPAN,012-092,PEDREGAL DE SAN NICOLAS 4A SECCION,COLONIA,TLALPAN > PEDREGAL DE SAN NICOLAS 4A SECCION (COLONIA),True,False,Polygon,2026-07-05
09,CIUDAD DE MÉXICO,012,TLALPAN,012-093,PEDREGAL DE SAN NICOLAS 5A SECCION,COLONIA,TLALPAN > PEDREGAL DE SAN NICOLAS 5A SECCION (COLONIA),True,False,Polygon,2026-07-05
09,CIUDAD DE MÉXICO,012,TLALPAN,012-094,PEDREGAL DE SANTA URSULA XITLA,COLONIA,TLALPAN > PEDREGAL DE SANTA URSULA XITLA (COLONIA),True,False,Polygon,2026-07-05
09,CIUDAD DE MÉXICO,012,TLALPAN,012-095,PEÑA POBRE,COLONIA,TLALPAN > PEÑA POBRE (COLONIA),True,False,Polygon,2026-07-05
09,CIUDAD DE MÉXICO,012,TLALPAN,012-096,PLAN DE AYALA,COLONIA,TLALPAN > PLAN DE AYALA (COLONIA),True,False,Polygon,2026-07-05
09,CIUDAD DE MÉXICO,012,TLALPAN,012-097,POPULAR SANTA TERESA,COLONIA,TLALPAN > POPULAR SANTA TERESA (COLONIA),True,False,Polygon,2026-07-05
09,CIUDAD DE MÉXICO,012,TLALPAN,012-098,PRADO COAPA 1A SECCION,COLONIA,TLALPAN > PRADO COAPA 1A SECCION (COLONIA),True,False,Polygon,2026-07-05
09,CIUDAD DE MÉXICO,012,TLALPAN,012-099,PRADO COAPA 2A SECCION,COLONIA,TLALPAN > PRADO COAPA 2A SECCION (COLONIA),True,False,Polygon,2026-07-05
09,CIUDAD DE MÉXICO,012,TLALPAN,012-100,PRADO COAPA 3A SECCION,COLONIA,TLALPAN > PRADO COAPA 3A SECCION (COLONIA),True,False,Polygon,2026-07-05
09,CIUDAD DE MÉXICO,012,TLALPAN,012-101,PRIMAVERA,COLONIA,TLALPAN > PRIMAVERA (COLONIA),True,False,Polygon,2026-07-05
09,CIUDAD DE MÉXICO,012,TLALPAN,012-102,PUEBLO CHIMALCOYOTL,PUEBLOS Y BARRIOS ORIGINARIOS,TLALPAN > PUEBLO CHIMALCOYOTL (PUEBLOS Y BARRIOS ORIGINARIOS),False,False,Polygon,2026-07-05
09,CIUDAD DE MÉXICO,012,TLALPAN,012-103,PUEBLO JARDINES DE SAN JUAN,PUEBLOS Y BARRIOS ORIGINARIOS,TLALPAN > PUEBLO JARDINES DE SAN JUAN (PUEBLOS Y BARRIOS ORIGINARIOS),False,False,Polygon,2026-07-05
09,CIUDAD DE MÉXICO,012,TLALPAN,012-104,PUEBLO LA MAGDALENA PETLACALCO,PUEBLOS Y BARRIOS ORIGINARIOS,TLALPAN > PUEBLO LA MAGDALENA PETLACALCO (PUEBLOS Y BARRIOS ORIGINARIOS),False,False,Polygon,2026-07-05
09,CIUDAD DE MÉXICO,012,TLALPAN,012-105,PUEBLO OCOTLA,PUEBLOS Y BARRIOS ORIGINARIOS,TLALPAN > PUEBLO OCOTLA (PUEBLOS Y BARRIOS ORIGINARIOS),False,False,Polygon,2026-07-05
09,CIUDAD DE MÉXICO,012,TLALPAN,012-106,PUEBLO PARRES EL GUARDA,PUEBLOS Y BARRIOS ORIGINARIOS,TLALPAN > PUEBLO PARRES EL GUARDA (PUEBLOS Y BARRIOS ORIGINARIOS),False,False,Polygon,2026-07-05
09,CIUDAD DE MÉXICO,012,TLALPAN,012-107,PUEBLO SAN ANDRES TOTOLTEPEC,PUEBLOS Y BARRIOS ORIGINARIOS,TLALPAN > PUEBLO SAN ANDRES TOTOLTEPEC (PUEBLOS Y BARRIOS ORIGINARIOS),False,False,Polygon,2026-07-05
09,CIUDAD DE MÉXICO,012,TLALPAN,012-108,PUEBLO SAN LORENZO HUIPULCO,PUEBLOS Y BARRIOS ORIGINARIOS,TLALPAN > PUEBLO SAN LORENZO HUIPULCO (PUEBLOS Y BARRIOS ORIGINARIOS),False,False,Polygon,2026-07-05
09,CIUDAD DE MÉXICO,012,TLALPAN,012-109,PUEBLO SAN MIGUEL AJUSCO,PUEBLOS Y BARRIOS ORIGINARIOS,TLALPAN > PUEBLO SAN MIGUEL AJUSCO (PUEBLOS Y BARRIOS ORIGINARIOS),False,False,Polygon,2026-07-05
09,CIUDAD DE MÉXICO,012,TLALPAN,012-110,PUEBLO SAN MIGUEL TOPILEJO,PUEBLOS Y BARRIOS ORIGINARIOS,TLALPAN > PUEBLO SAN MIGUEL TOPILEJO (PUEBLOS Y BARRIOS ORIGINARIOS),False,False,Polygon,2026-07-05
09,CIUDAD DE MÉXICO,012,TLALPAN,012-111,PUEBLO SAN MIGUEL XICALCO,PUEBLOS Y BARRIOS ORIGINARIOS,TLALPAN > PUEBLO SAN MIGUEL XICALCO (PUEBLOS Y BARRIOS ORIGINARIOS),False,False,Polygon,2026-07-05
09,CIUDAD DE MÉXICO,012,TLALPAN,012-112,PUEBLO SAN PEDRO MARTIR,PUEBLOS Y BARRIOS ORIGINARIOS,TLALPAN > PUEBLO SAN PEDRO MARTIR (PUEBLOS Y BARRIOS ORIGINARIOS),False,False,Polygon,2026-07-05
09,CIUDAD DE MÉXICO,012,TLALPAN,012-113,PUEBLO SANTA URSULA XITLA,PUEBLOS Y BARRIOS ORIGINARIOS,TLALPAN > PUEBLO SANTA URSULA XITLA (PUEBLOS Y BARRIOS ORIGINARIOS),False,False,Polygon,2026-07-05
09,CIUDAD DE MÉXICO,012,TLALPAN,012-114,PUEBLO SANTO TOMAS AJUSCO,PUEBLOS Y BARRIOS ORIGINARIOS,TLALPAN > PUEBLO SANTO TOMAS AJUSCO (PUEBLOS Y BARRIOS ORIGINARIOS),False,False,Polygon,2026-07-05
09,CIUDAD DE MÉXICO,012,TLALPAN,012-115,RANCHO LOS COLORINES,COLONIA,TLALPAN > RANCHO LOS COLORINES (COLONIA),True,False,Polygon,2026-07-05
09,CIUDAD DE MÉXICO,012,TLALPAN,012-116,RESIDENCIAL ACOXPA,COLONIA,TLALPAN > RESIDENCIAL ACOXPA (COLONIA),True,False,Polygon,2026-07-05
09,CIUDAD DE MÉXICO,012,TLALPAN,012-117,RESIDENCIAL MIRAMONTES,COLONIA,TLALPAN > RESIDENCIAL MIRAMONTES (COLONIA),True,False,Polygon,2026-07-05
09,CIUDAD DE MÉXICO,012,TLALPAN,012-118,RESIDENCIAL VILLA COAPA,COLONIA,TLALPAN > RESIDENCIAL VILLA COAPA (COLONIA),True,False,Polygon,2026-07-05
09,CIUDAD DE MÉXICO,012,TLALPAN,012-119,RINCON DEL PEDREGAL,COLONIA,TLALPAN > RINCON DEL PEDREGAL (COLONIA),True,False,Polygon,2026-07-05
09,CIUDAD DE MÉXICO,012,TLALPAN,012-120,RINCONADA COAPA 1A SECCION,COLONIA,TLALPAN > RINCONADA COAPA 1A SECCION (COLONIA),True,False,Polygon,2026-07-05
09,CIUDAD DE MÉXICO,012,TLALPAN,012-121,RINCONADA COAPA 2A SECCION,COLONIA,TLALPAN > RINCONADA COAPA 2A SECCION (COLONIA),True,False,Polygon,2026-07-05
09,CIUDAD DE MÉXICO,012,TLALPAN,012-122,RINCONADA EL MIRADOR,COLONIA,TLALPAN > RINCONADA EL MIRADOR (COLONIA),True,False,Polygon,2026-07-05
09,CIUDAD DE MÉXICO,012,TLALPAN,012-123,RINCONADA LAS HADAS,COLONIA,TLALPAN > RINCONADA LAS HADAS (COLONIA),True,False,Polygon,2026-07-05
09,CIUDAD DE MÉXICO,012,TLALPAN,012-124,ROCA DE CRISTAL,COLONIA,TLALPAN > ROCA DE CRISTAL (COLONIA),True,False,Polygon,2026-07-05
09,CIUDAD DE MÉXICO,012,TLALPAN,012-125,ROMULO SANCHEZ MIRELES,COLONIA,TLALPAN > ROMULO SANCHEZ MIRELES (COLONIA),True,False,Polygon,2026-07-05
09,CIUDAD DE MÉXICO,012,TLALPAN,012-126,SAN BARTOLO EL CHICO,COLONIA,TLALPAN > SAN BARTOLO EL CHICO (COLONIA),True,False,Polygon,2026-07-05
09,CIUDAD DE MÉXICO,012,TLALPAN,012-127,SAN BUENAVENTURA,COLONIA,TLALPAN > SAN BUENAVENTURA (COLONIA),True,False,Polygon,2026-07-05
09,CIUDAD DE MÉXICO,012,TLALPAN,012-128,SAN JUAN TEPEXIMILPA,COLONIA,TLALPAN > SAN JUAN TEPEXIMILPA (COLONIA),True,False,Polygon,2026-07-05
09,CIUDAD DE MÉXICO,012,TLALPAN,012-129,SAN PEDRO APOSTOL,COLONIA,TLALPAN > SAN PEDRO APOSTOL (COLONIA),True,False,Polygon,2026-07-05
09,CIUDAD DE MÉXICO,012,TLALPAN,012-130,SANTISIMA TRINIDAD,COLONIA,TLALPAN > SANTISIMA TRINIDAD (COLONIA),True,False,Polygon,2026-07-05
09,CIUDAD DE MÉXICO,012,TLALPAN,012-131,SANTISIMA TRINIDAD,COLONIA,TLALPAN > SANTISIMA TRINIDAD (COLONIA),True,False,Polygon,2026-07-05
09,CIUDAD DE MÉXICO,012,TLALPAN,012-132,TECORRAL,COLONIA,TLALPAN > TECORRAL (COLONIA),True,False,Polygon,2026-07-05
09,CIUDAD DE MÉXICO,012,TLALPAN,012-133,TENORIOS,COLONIA,TLALPAN > TENORIOS (COLONIA),True,False,Polygon,2026-07-05
09,CIUDAD DE MÉXICO,012,TLALPAN,012-134,TEXCALTENCO,COLONIA,TLALPAN > TEXCALTENCO (COLONIA),True,False,Polygon,2026-07-05
09,CIUDAD DE MÉXICO,012,TLALPAN,012-135,TLALCOLIGIA,COLONIA,TLALPAN > TLALCOLIGIA (COLONIA),True,False,Polygon,2026-07-05
09,CIUDAD DE MÉXICO,012,TLALPAN,012-136,TLALMILLE,COLONIA,TLALPAN > TLALMILLE (COLONIA),True,False,Polygon,2026-07-05
09,CIUDAD DE MÉXICO,012,TLALPAN,012-137,TLALPAN,COLONIA,TLALPAN > TLALPAN (COLONIA),True,False,Polygon,2026-07-05
09,CIUDAD DE MÉXICO,012,TLALPAN,012-138,TLALPAN CENTRO,COLONIA,TLALPAN > TLALPAN CENTRO (COLONIA),True,False,Polygon,2026-07-05
09,CIUDAD DE MÉXICO,012,TLALPAN,012-139,TLALPUENTE,COLONIA,TLALPAN > TLALPUENTE (COLONIA),True,False,Polygon,2026-07-05
09,CIUDAD DE MÉXICO,012,TLALPAN,012-140,TLAXCALTENCO LA MESA,COLONIA,TLALPAN > TLAXCALTENCO LA MESA (COLONIA),True,False,Polygon,2026-07-05
09,CIUDAD DE MÉXICO,012,TLALPAN,012-141,TORIELLO GUERRA,COLONIA,TLALPAN > TORIELLO GUERRA (COLONIA),True,False,Polygon,2026-07-05
09,CIUDAD DE MÉXICO,012,TLALPAN,012-142,TORIELLO GUERRA,COLONIA,TLALPAN > TORIELLO GUERRA (COLONIA),True,False,Polygon,2026-07-05
09,CIUDAD DE MÉXICO,012,TLALPAN,012-143,TORRES DE PADIERNA,COLONIA,TLALPAN > TORRES DE PADIERNA (COLONIA),True,False,Polygon,2026-07-05
09,CIUDAD DE MÉXICO,012,TLALPAN,012-144,U.HABIT. ZAPOTE 1,COLONIA,TLALPAN > U.HABIT. ZAPOTE 1 (COLONIA),True,False,Polygon,2026-07-05
09,CIUDAD DE MÉXICO,012,TLALPAN,012-145,VALLE DE TEPEPAN,COLONIA,TLALPAN > VALLE DE TEPEPAN (COLONIA),True,False,Polygon,2026-07-05
09,CIUDAD DE MÉXICO,012,TLALPAN,012-146,VALLE DE TEPEPAN,COLONIA,TLALPAN > VALLE DE TEPEPAN (COLONIA),True,False,Polygon,2026-07-05
09,CIUDAD DE MÉXICO,012,TLALPAN,012-147,VALLE ESCONDIDO,COLONIA,TLALPAN > VALLE ESCONDIDO (COLONIA),True,False,Polygon,2026-07-05
09,CIUDAD DE MÉXICO,012,TLALPAN,012-148,VALLE VERDE,COLONIA,TLALPAN > VALLE VERDE (COLONIA),True,False,Polygon,2026-07-05
09,CIUDAD DE MÉXICO,012,TLALPAN,012-149,VERANO,COLONIA,TLALPAN > VERANO (COLONIA),True,False,Polygon,2026-07-05
09,CIUDAD DE MÉXICO,012,TLALPAN,012-150,VERGEL COAPA,COLONIA,TLALPAN > VERGEL COAPA (COLONIA),True,False,Polygon,2026-07-05
09,CIUDAD DE MÉXICO,012,TLALPAN,012-151,VERGEL DE COYOACAN,COLONIA,TLALPAN > VERGEL DE COYOACAN (COLONIA),True,False,Polygon,2026-07-05
09,CIUDAD DE MÉXICO,012,TLALPAN,012-152,VERGEL DEL SUR,COLONIA,TLALPAN > VERGEL DEL SUR (COLONIA),True,False,Polygon,2026-07-05
09,CIUDAD DE MÉXICO,012,TLALPAN,012-153,VILLA COAPA,COLONIA,TLALPAN > VILLA COAPA (COLONIA),True,False,Polygon,2026-07-05
09,CIUDAD DE MÉXICO,012,TLALPAN,012-154,VILLA LAZARO CARDENAS,COLONIA,TLALPAN > VILLA LAZARO CARDENAS (COLONIA),True,False,Polygon,2026-07-05
09,CIUDAD DE MÉXICO,012,TLALPAN,012-155,VILLA OLIMPICA,COLONIA,TLALPAN > VILLA OLIMPICA (COLONIA),True,False,Polygon,2026-07-05
09,CIUDAD DE MÉXICO,012,TLALPAN,012-156,VILLA TLALPAN,COLONIA,TLALPAN > VILLA TLALPAN (COLONIA),True,False,Polygon,2026-07-05
09,CIUDAD DE MÉXICO,012,TLALPAN,012-157,VISTAS DEL PEDREGAL,COLONIA,TLALPAN > VISTAS DEL PEDREGAL (COLONIA),True,False,Polygon,2026-07-05
09,CIUDAD DE MÉXICO,012,TLALPAN,012-158,VIVEROS COATECTLAN,COLONIA,TLALPAN > VIVEROS COATECTLAN (COLONIA),True,False,Polygon,2026-07-05
09,CIUDAD DE MÉXICO,012,TLALPAN,012-159,ZACAYUCAN PEÑA POBRE,COLONIA,TLALPAN > ZACAYUCAN PEÑA POBRE (COLONIA),True,False,Polygon,2026-07-05
09,CIUDAD DE MÉXICO,013,XOCHIMILCO,013-001,AMPLIACION NATIVITAS,COLONIA,XOCHIMILCO > AMPLIACION NATIVITAS (COLONIA),True,False,Polygon,2026-07-05
09,CIUDAD DE MÉXICO,013,XOCHIMILCO,013-002,AMPLIACION NATIVITAS,COLONIA,XOCHIMILCO > AMPLIACION NATIVITAS (COLONIA),True,False,Polygon,2026-07-05
09,CIUDAD DE MÉXICO,013,XOCHIMILCO,013-003,AMPLIACION SAN MARCOS NORTE,COLONIA,XOCHIMILCO > AMPLIACION SAN MARCOS NORTE (COLONIA),True,False,Polygon,2026-07-05
09,CIUDAD DE MÉXICO,013,XOCHIMILCO,013-004,AMPLIACION TEPEPAN,COLONIA,XOCHIMILCO > AMPLIACION TEPEPAN (COLONIA),True,False,Polygon,2026-07-05
09,CIUDAD DE MÉXICO,013,XOCHIMILCO,013-005,AÑO DE JUAREZ,COLONIA,XOCHIMILCO > AÑO DE JUAREZ (COLONIA),True,False,Polygon,2026-07-05
09,CIUDAD DE MÉXICO,013,XOCHIMILCO,013-006,BARRIO 18,PUEBLOS Y BARRIOS ORIGINARIOS,XOCHIMILCO > BARRIO 18 (PUEBLOS Y BARRIOS ORIGINARIOS),False,False,Polygon,2026-07-05
09,CIUDAD DE MÉXICO,013,XOCHIMILCO,013-007,BARRIO 3 DE MAYO,PUEBLOS Y BARRIOS ORIGINARIOS,XOCHIMILCO > BARRIO 3 DE MAYO (PUEBLOS Y BARRIOS ORIGINARIOS),False,False,Polygon,2026-07-05
09,CIUDAD DE MÉXICO,013,XOCHIMILCO,013-008,BARRIO AHUALAPA,PUEBLOS Y BARRIOS ORIGINARIOS,XOCHIMILCO > BARRIO AHUALAPA (PUEBLOS Y BARRIOS ORIGINARIOS),False,False,Polygon,2026-07-05
09,CIUDAD DE MÉXICO,013,XOCHIMILCO,013-009,BARRIO APATLACO,PUEBLOS Y BARRIOS ORIGINARIOS,XOCHIMILCO > BARRIO APATLACO (PUEBLOS Y BARRIOS ORIGINARIOS),False,False,Polygon,2026-07-05
09,CIUDAD DE MÉXICO,013,XOCHIMILCO,013-010,BARRIO BELEN,PUEBLOS Y BARRIOS ORIGINARIOS,XOCHIMILCO > BARRIO BELEN (PUEBLOS Y BARRIOS ORIGINARIOS),False,False,Polygon,2026-07-05
09,CIUDAD DE MÉXICO,013,XOCHIMILCO,013-011,BARRIO CALPULCO,PUEBLOS Y BARRIOS ORIGINARIOS,XOCHIMILCO > BARRIO CALPULCO (PUEBLOS Y BARRIOS ORIGINARIOS),False,False,Polygon,2026-07-05
09,CIUDAD DE MÉXICO,013,XOCHIMILCO,013-012,BARRIO CALTONGO,PUEBLOS Y BARRIOS ORIGINARIOS,XOCHIMILCO > BARRIO CALTONGO (PUEBLOS Y BARRIOS ORIGINARIOS),False,False,Polygon,2026-07-05
09,CIUDAD DE MÉXICO,013,XOCHIMILCO,013-013,BARRIO CALYEQUITA,PUEBLOS Y BARRIOS ORIGINARIOS,XOCHIMILCO > BARRIO CALYEQUITA (PUEBLOS Y BARRIOS ORIGINARIOS),False,False,Polygon,2026-07-05
09,CIUDAD DE MÉXICO,013,XOCHIMILCO,013-014,BARRIO CHAPULTEPEC,PUEBLOS Y BARRIOS ORIGINARIOS,XOCHIMILCO > BARRIO CHAPULTEPEC (PUEBLOS Y BARRIOS ORIGINARIOS),False,False,Polygon,2026-07-05
09,CIUDAD DE MÉXICO,013,XOCHIMILCO,013-015,BARRIO DEL PUENTE,PUEBLOS Y BARRIOS ORIGINARIOS,XOCHIMILCO > BARRIO DEL PUENTE (PUEBLOS Y BARRIOS ORIGINARIOS),False,False,Polygon,2026-07-05
09,CIUDAD DE MÉXICO,013,XOCHIMILCO,013-016,BARRIO EL CALVARIO,PUEBLOS Y BARRIOS ORIGINARIOS,XOCHIMILCO > BARRIO EL CALVARIO (PUEBLOS Y BARRIOS ORIGINARIOS),False,False,Polygon,2026-07-05
09,CIUDAD DE MÉXICO,013,XOCHIMILCO,013-017,BARRIO EL ROSARIO,PUEBLOS Y BARRIOS ORIGINARIOS,XOCHIMILCO > BARRIO EL ROSARIO (PUEBLOS Y BARRIOS ORIGINARIOS),False,False,Polygon,2026-07-05
09,CIUDAD DE MÉXICO,013,XOCHIMILCO,013-018,BARRIO LA ASUNCION,PUEBLOS Y BARRIOS ORIGINARIOS,XOCHIMILCO > BARRIO LA ASUNCION (PUEBLOS Y BARRIOS ORIGINARIOS),False,False,Polygon,2026-07-05
09,CIUDAD DE MÉXICO,013,XOCHIMILCO,013-019,BARRIO LA ASUNCION,PUEBLOS Y BARRIOS ORIGINARIOS,XOCHIMILCO > BARRIO LA ASUNCION (PUEBLOS Y BARRIOS ORIGINARIOS),False,False,Polygon,2026-07-05
09,CIUDAD DE MÉXICO,013,XOCHIMILCO,013-020,BARRIO LA CANDELARIA,PUEBLOS Y BARRIOS ORIGINARIOS,XOCHIMILCO > BARRIO LA CANDELARIA (PUEBLOS Y BARRIOS ORIGINARIOS),False,False,Polygon,2026-07-05
09,CIUDAD DE MÉXICO,013,XOCHIMILCO,013-021,BARRIO LA CANDELARIA,PUEBLOS Y BARRIOS ORIGINARIOS,XOCHIMILCO > BARRIO LA CANDELARIA (PUEBLOS Y BARRIOS ORIGINARIOS),False,False,Polygon,2026-07-05
09,CIUDAD DE MÉXICO,013,XOCHIMILCO,013-022,BARRIO LA CONCEPCION TLACOAPA,PUEBLOS Y BARRIOS ORIGINARIOS,XOCHIMILCO > BARRIO LA CONCEPCION TLACOAPA (PUEBLOS Y BARRIOS ORIGINARIOS),False,False,Polygon,2026-07-05
09,CIUDAD DE MÉXICO,013,XOCHIMILCO,013-023,BARRIO LA GALLERA,PUEBLOS Y BARRIOS ORIGINARIOS,XOCHIMILCO > BARRIO LA GALLERA (PUEBLOS Y BARRIOS ORIGINARIOS),False,False,Polygon,2026-07-05
09,CIUDAD DE MÉXICO,013,XOCHIMILCO,013-024,BARRIO LA GUADALUPANA,PUEBLOS Y BARRIOS ORIGINARIOS,XOCHIMILCO > BARRIO LA GUADALUPANA (PUEBLOS Y BARRIOS ORIGINARIOS),False,False,Polygon,2026-07-05
09,CIUDAD DE MÉXICO,013,XOCHIMILCO,013-025,BARRIO LA GUADALUPITA,PUEBLOS Y BARRIOS ORIGINARIOS,XOCHIMILCO > BARRIO LA GUADALUPITA (PUEBLOS Y BARRIOS ORIGINARIOS),False,False,Polygon,2026-07-05
09,CIUDAD DE MÉXICO,013,XOCHIMILCO,013-026,BARRIO LA PLANTA,PUEBLOS Y BARRIOS ORIGINARIOS,XOCHIMILCO > BARRIO LA PLANTA (PUEBLOS Y BARRIOS ORIGINARIOS),False,False,Polygon,2026-07-05
09,CIUDAD DE MÉXICO,013,XOCHIMILCO,013-027,BARRIO LA SANTISIMA,PUEBLOS Y BARRIOS ORIGINARIOS,XOCHIMILCO > BARRIO LA SANTISIMA (PUEBLOS Y BARRIOS ORIGINARIOS),False,False,Polygon,2026-07-05
09,CIUDAD DE MÉXICO,013,XOCHIMILCO,013-028,BARRIO LAS CRUCES,PUEBLOS Y BARRIOS ORIGINARIOS,XOCHIMILCO > BARRIO LAS CRUCES (PUEBLOS Y BARRIOS ORIGINARIOS),False,False,Polygon,2026-07-05
09,CIUDAD DE MÉXICO,013,XOCHIMILCO,013-029,BARRIO LAS FLORES,PUEBLOS Y BARRIOS ORIGINARIOS,XOCHIMILCO > BARRIO LAS FLORES (PUEBLOS Y BARRIOS ORIGINARIOS),False,False,Polygon,2026-07-05
09,CIUDAD DE MÉXICO,013,XOCHIMILCO,013-030,BARRIO LOS REYES,PUEBLOS Y BARRIOS ORIGINARIOS,XOCHIMILCO > BARRIO LOS REYES (PUEBLOS Y BARRIOS ORIGINARIOS),False,False,Polygon,2026-07-05
09,CIUDAD DE MÉXICO,013,XOCHIMILCO,013-031,BARRIO NIÑOS HEROES,PUEBLOS Y BARRIOS ORIGINARIOS,XOCHIMILCO > BARRIO NIÑOS HEROES (PUEBLOS Y BARRIOS ORIGINARIOS),False,False,Polygon,2026-07-05
09,CIUDAD DE MÉXICO,013,XOCHIMILCO,013-032,BARRIO POCITOS,PUEBLOS Y BARRIOS ORIGINARIOS,XOCHIMILCO > BARRIO POCITOS (PUEBLOS Y BARRIOS ORIGINARIOS),False,False,Polygon,2026-07-05
09,CIUDAD DE MÉXICO,013,XOCHIMILCO,013-033,BARRIO SAN ANDRES,PUEBLOS Y BARRIOS ORIGINARIOS,XOCHIMILCO > BARRIO SAN ANDRES (PUEBLOS Y BARRIOS ORIGINARIOS),False,False,Polygon,2026-07-05
09,CIUDAD DE MÉXICO,013,XOCHIMILCO,013-034,BARRIO SAN ANTONIO,PUEBLOS Y BARRIOS ORIGINARIOS,XOCHIMILCO > BARRIO SAN ANTONIO (PUEBLOS Y BARRIOS ORIGINARIOS),False,False,Polygon,2026-07-05
09,CIUDAD DE MÉXICO,013,XOCHIMILCO,013-035,BARRIO SAN ANTONIO,PUEBLOS Y BARRIOS ORIGINARIOS,XOCHIMILCO > BARRIO SAN ANTONIO (PUEBLOS Y BARRIOS ORIGINARIOS),False,False,Polygon,2026-07-05
09,CIUDAD DE MÉXICO,013,XOCHIMILCO,013-036,BARRIO SAN CRISTOBAL,PUEBLOS Y BARRIOS ORIGINARIOS,XOCHIMILCO > BARRIO SAN CRISTOBAL (PUEBLOS Y BARRIOS ORIGINARIOS),False,False,Polygon,2026-07-05
09,CIUDAD DE MÉXICO,013,XOCHIMILCO,013-037,BARRIO SAN DIEGO,PUEBLOS Y BARRIOS ORIGINARIOS,XOCHIMILCO > BARRIO SAN DIEGO (PUEBLOS Y BARRIOS ORIGINARIOS),False,False,Polygon,2026-07-05
09,CIUDAD DE MÉXICO,013,XOCHIMILCO,013-038,BARRIO SAN ESTEBAN,PUEBLOS Y BARRIOS ORIGINARIOS,XOCHIMILCO > BARRIO SAN ESTEBAN (PUEBLOS Y BARRIOS ORIGINARIOS),False,False,Polygon,2026-07-05
09,CIUDAD DE MÉXICO,013,XOCHIMILCO,013-039,BARRIO SAN JOSE PUEBLO SAN LUIS TLAXIALTEMALCO,PUEBLOS Y BARRIOS ORIGINARIOS,XOCHIMILCO > BARRIO SAN JOSE PUEBLO SAN LUIS TLAXIALTEMALCO (PUEBLOS Y BARRIOS ORIGINARIOS),False,False,Polygon,2026-07-05
09,CIUDAD DE MÉXICO,013,XOCHIMILCO,013-040,BARRIO SAN JUAN,PUEBLOS Y BARRIOS ORIGINARIOS,XOCHIMILCO > BARRIO SAN JUAN (PUEBLOS Y BARRIOS ORIGINARIOS),False,False,Polygon,2026-07-05
09,CIUDAD DE MÉXICO,013,XOCHIMILCO,013-041,BARRIO SAN JUAN MINAS,PUEBLOS Y BARRIOS ORIGINARIOS,XOCHIMILCO > BARRIO SAN JUAN MINAS (PUEBLOS Y BARRIOS ORIGINARIOS),False,False,Polygon,2026-07-05
09,CIUDAD DE MÉXICO,013,XOCHIMILCO,013-042,BARRIO SAN JUAN MOYOTEPEC,PUEBLOS Y BARRIOS ORIGINARIOS,XOCHIMILCO > BARRIO SAN JUAN MOYOTEPEC (PUEBLOS Y BARRIOS ORIGINARIOS),False,False,Polygon,2026-07-05
09,CIUDAD DE MÉXICO,013,XOCHIMILCO,013-043,BARRIO SAN JUAN PUEBLO SAN LUIS TLAXIALTEMALCO,PUEBLOS Y BARRIOS ORIGINARIOS,XOCHIMILCO > BARRIO SAN JUAN PUEBLO SAN LUIS TLAXIALTEMALCO (PUEBLOS Y BARRIOS ORIGINARIOS),False,False,Polygon,2026-07-05
09,CIUDAD DE MÉXICO,013,XOCHIMILCO,013-044,BARRIO SAN LORENZO,PUEBLOS Y BARRIOS ORIGINARIOS,XOCHIMILCO > BARRIO SAN LORENZO (PUEBLOS Y BARRIOS ORIGINARIOS),False,False,Polygon,2026-07-05
09,CIUDAD DE MÉXICO,013,XOCHIMILCO,013-045,BARRIO SAN MARCOS,PUEBLOS Y BARRIOS ORIGINARIOS,XOCHIMILCO > BARRIO SAN MARCOS (PUEBLOS Y BARRIOS ORIGINARIOS),False,False,Polygon,2026-07-05
09,CIUDAD DE MÉXICO,013,XOCHIMILCO,013-046,BARRIO SAN PEDRO,PUEBLOS Y BARRIOS ORIGINARIOS,XOCHIMILCO > BARRIO SAN PEDRO (PUEBLOS Y BARRIOS ORIGINARIOS),False,False,Polygon,2026-07-05
09,CIUDAD DE MÉXICO,013,XOCHIMILCO,013-047,BARRIO SANTA CRUCITA,PUEBLOS Y BARRIOS ORIGINARIOS,XOCHIMILCO > BARRIO SANTA CRUCITA (PUEBLOS Y BARRIOS ORIGINARIOS),False,False,Polygon,2026-07-05
09,CIUDAD DE MÉXICO,013,XOCHIMILCO,013-048,BARRIO TETITLA,PUEBLOS Y BARRIOS ORIGINARIOS,XOCHIMILCO > BARRIO TETITLA (PUEBLOS Y BARRIOS ORIGINARIOS),False,False,Polygon,2026-07-05
09,CIUDAD DE MÉXICO,013,XOCHIMILCO,013-049,BARRIO TETITLA DEL PUEBLO SANTA CRUZ ACALPIXCA,PUEBLOS Y BARRIOS ORIGINARIOS,XOCHIMILCO > BARRIO TETITLA DEL PUEBLO SANTA CRUZ ACALPIXCA (PUEBLOS Y BARRIOS ORIGINARIOS),False,False,Polygon,2026-07-05
09,CIUDAD DE MÉXICO,013,XOCHIMILCO,013-050,BARRIO XALTOCAN,PUEBLOS Y BARRIOS ORIGINARIOS,XOCHIMILCO > BARRIO XALTOCAN (PUEBLOS Y BARRIOS ORIGINARIOS),False,False,Polygon,2026-07-05
09,CIUDAD DE MÉXICO,013,XOCHIMILCO,013-051,BOSQUE RESIDENCIAL DEL SUR,COLONIA,XOCHIMILCO > BOSQUE RESIDENCIAL DEL SUR (COLONIA),True,False,Polygon,2026-07-05
09,CIUDAD DE MÉXICO,013,XOCHIMILCO,013-052,CERRILLOS PRIMERA SECCION,COLONIA,XOCHIMILCO > CERRILLOS PRIMERA SECCION (COLONIA),True,False,Polygon,2026-07-05
09,CIUDAD DE MÉXICO,013,XOCHIMILCO,013-053,CERRILLOS SEGUNDA SECCION,COLONIA,XOCHIMILCO > CERRILLOS SEGUNDA SECCION (COLONIA),True,False,Polygon,2026-07-05
09,CIUDAD DE MÉXICO,013,XOCHIMILCO,013-054,CERRILLOS TERCERA SECCION,COLONIA,XOCHIMILCO > CERRILLOS TERCERA SECCION (COLONIA),True,False,Polygon,2026-07-05
09,CIUDAD DE MÉXICO,013,XOCHIMILCO,013-055,CRISTO REY,COLONIA,XOCHIMILCO > CRISTO REY (COLONIA),True,False,Polygon,2026-07-05
09,CIUDAD DE MÉXICO,013,XOCHIMILCO,013-056,DEL CARMEN,COLONIA,XOCHIMILCO > DEL CARMEN (COLONIA),True,False,Polygon,2026-07-05
09,CIUDAD DE MÉXICO,013,XOCHIMILCO,013-057,EL ARENAL,COLONIA,XOCHIMILCO > EL ARENAL (COLONIA),True,False,Polygon,2026-07-05
09,CIUDAD DE MÉXICO,013,XOCHIMILCO,013-058,EL JAZMIN,COLONIA,XOCHIMILCO > EL JAZMIN (COLONIA),True,False,Polygon,2026-07-05
09,CIUDAD DE MÉXICO,013,XOCHIMILCO,013-059,EL MIRADOR,COLONIA,XOCHIMILCO > EL MIRADOR (COLONIA),True,False,Polygon,2026-07-05
09,CIUDAD DE MÉXICO,013,XOCHIMILCO,013-060,EL MIRADOR,COLONIA,XOCHIMILCO > EL MIRADOR (COLONIA),True,False,Polygon,2026-07-05
09,CIUDAD DE MÉXICO,013,XOCHIMILCO,013-061,EL SACRIFICIO,COLONIA,XOCHIMILCO > EL SACRIFICIO (COLONIA),True,False,Polygon,2026-07-05
09,CIUDAD DE MÉXICO,013,XOCHIMILCO,013-062,GUADALUPITA,COLONIA,XOCHIMILCO > GUADALUPITA (COLONIA),True,False,Polygon,2026-07-05
09,CIUDAD DE MÉXICO,013,XOCHIMILCO,013-063,HUICHAPAN,COLONIA,XOCHIMILCO > HUICHAPAN (COLONIA),True,False,Polygon,2026-07-05
09,CIUDAD DE MÉXICO,013,XOCHIMILCO,013-064,JARDINES DEL SUR,COLONIA,XOCHIMILCO > JARDINES DEL SUR (COLONIA),True,False,Polygon,2026-07-05
09,CIUDAD DE MÉXICO,013,XOCHIMILCO,013-065,LA CAÑADA,COLONIA,XOCHIMILCO > LA CAÑADA (COLONIA),True,False,Polygon,2026-07-05
09,CIUDAD DE MÉXICO,013,XOCHIMILCO,013-066,LA CONCHA,COLONIA,XOCHIMILCO > LA CONCHA (COLONIA),True,False,Polygon,2026-07-05
09,CIUDAD DE MÉXICO,013,XOCHIMILCO,013-067,LA NORIA,COLONIA,XOCHIMILCO > LA NORIA (COLONIA),True,False,Polygon,2026-07-05
09,CIUDAD DE MÉXICO,013,XOCHIMILCO,013-068,LA NORIA,COLONIA,XOCHIMILCO > LA NORIA (COLONIA),True,False,Polygon,2026-07-05
09,CIUDAD DE MÉXICO,013,XOCHIMILCO,013-069,LAS ANIMAS,COLONIA,XOCHIMILCO > LAS ANIMAS (COLONIA),True,False,Polygon,2026-07-05
09,CIUDAD DE MÉXICO,013,XOCHIMILCO,013-070,LAS MESITAS,COLONIA,XOCHIMILCO > LAS MESITAS (COLONIA),True,False,Polygon,2026-07-05
09,CIUDAD DE MÉXICO,013,XOCHIMILCO,013-071,LAS PERITAS,COLONIA,XOCHIMILCO > LAS PERITAS (COLONIA),True,False,Polygon,2026-07-05
09,CIUDAD DE MÉXICO,013,XOCHIMILCO,013-072,LOMAS DE NATIVITAS,COLONIA,XOCHIMILCO > LOMAS DE NATIVITAS (COLONIA),True,False,Polygon,2026-07-05
09,CIUDAD DE MÉXICO,013,XOCHIMILCO,013-073,LOMAS DE TONALCO,COLONIA,XOCHIMILCO > LOMAS DE TONALCO (COLONIA),True,False,Polygon,2026-07-05
09,CIUDAD DE MÉXICO,013,XOCHIMILCO,013-074,NATIVITAS,COLONIA,XOCHIMILCO > NATIVITAS (COLONIA),True,False,Polygon,2026-07-05
09,CIUDAD DE MÉXICO,013,XOCHIMILCO,013-075,PASEOS DEL SUR,COLONIA,XOCHIMILCO > PASEOS DEL SUR (COLONIA),True,False,Polygon,2026-07-05
09,CIUDAD DE MÉXICO,013,XOCHIMILCO,013-076,POTRERO SAN BERNARDINO,COLONIA,XOCHIMILCO > POTRERO SAN BERNARDINO (COLONIA),True,False,Polygon,2026-07-05
09,CIUDAD DE MÉXICO,013,XOCHIMILCO,013-077,PUEBLO SAN ANDRES AHUAYUCAN,PUEBLOS Y BARRIOS ORIGINARIOS,XOCHIMILCO > PUEBLO SAN ANDRES AHUAYUCAN (PUEBLOS Y BARRIOS ORIGINARIOS),False,False,Polygon,2026-07-05
09,CIUDAD DE MÉXICO,013,XOCHIMILCO,013-078,PUEBLO SAN FRANCISCO TLALNEPANTLA,PUEBLOS Y BARRIOS ORIGINARIOS,XOCHIMILCO > PUEBLO SAN FRANCISCO TLALNEPANTLA (PUEBLOS Y BARRIOS ORIGINARIOS),False,False,Polygon,2026-07-05
09,CIUDAD DE MÉXICO,013,XOCHIMILCO,013-079,PUEBLO SAN GREGORIO ATLAPULCO,PUEBLOS Y BARRIOS ORIGINARIOS,XOCHIMILCO > PUEBLO SAN GREGORIO ATLAPULCO (PUEBLOS Y BARRIOS ORIGINARIOS),False,False,Polygon,2026-07-05
09,CIUDAD DE MÉXICO,013,XOCHIMILCO,013-080,PUEBLO SAN JOSE ZACATEPEC,PUEBLOS Y BARRIOS ORIGINARIOS,XOCHIMILCO > PUEBLO SAN JOSE ZACATEPEC (PUEBLOS Y BARRIOS ORIGINARIOS),False,False,Polygon,2026-07-05
09,CIUDAD DE MÉXICO,013,XOCHIMILCO,013-081,PUEBLO SAN LORENZO ATEMOAYA,PUEBLOS Y BARRIOS ORIGINARIOS,XOCHIMILCO > PUEBLO SAN LORENZO ATEMOAYA (PUEBLOS Y BARRIOS ORIGINARIOS),False,False,Polygon,2026-07-05
09,CIUDAD DE MÉXICO,013,XOCHIMILCO,013-082,PUEBLO SAN LUCAS XOCHIMANCA,PUEBLOS Y BARRIOS ORIGINARIOS,XOCHIMILCO > PUEBLO SAN LUCAS XOCHIMANCA (PUEBLOS Y BARRIOS ORIGINARIOS),False,False,Polygon,2026-07-05
09,CIUDAD DE MÉXICO,013,XOCHIMILCO,013-083,PUEBLO SAN LUIS TLAXIALTEMALCO,PUEBLOS Y BARRIOS ORIGINARIOS,XOCHIMILCO > PUEBLO SAN LUIS TLAXIALTEMALCO (PUEBLOS Y BARRIOS ORIGINARIOS),False,False,Polygon,2026-07-05
09,CIUDAD DE MÉXICO,013,XOCHIMILCO,013-084,PUEBLO SAN MATEO XALPA,PUEBLOS Y BARRIOS ORIGINARIOS,XOCHIMILCO > PUEBLO SAN MATEO XALPA (PUEBLOS Y BARRIOS ORIGINARIOS),False,False,Polygon,2026-07-05
09,CIUDAD DE MÉXICO,013,XOCHIMILCO,013-085,PUEBLO SAN SALVADOR CUAUHTENCO,PUEBLOS Y BARRIOS ORIGINARIOS,XOCHIMILCO > PUEBLO SAN SALVADOR CUAUHTENCO (PUEBLOS Y BARRIOS ORIGINARIOS),False,False,Polygon,2026-07-05
09,CIUDAD DE MÉXICO,013,XOCHIMILCO,013-086,PUEBLO SANTA CECILIA TEPETLAPA,PUEBLOS Y BARRIOS ORIGINARIOS,XOCHIMILCO > PUEBLO SANTA CECILIA TEPETLAPA (PUEBLOS Y BARRIOS ORIGINARIOS),False,False,Polygon,2026-07-05
09,CIUDAD DE MÉXICO,013,XOCHIMILCO,013-087,PUEBLO SANTA CRUZ ACALPIXCA,PUEBLOS Y BARRIOS ORIGINARIOS,XOCHIMILCO > PUEBLO SANTA CRUZ ACALPIXCA (PUEBLOS Y BARRIOS ORIGINARIOS),False,False,Polygon,2026-07-05
09,CIUDAD DE MÉXICO,013,XOCHIMILCO,013-088,PUEBLO SANTA CRUZ XOCHITEPEC,PUEBLOS Y BARRIOS ORIGINARIOS,XOCHIMILCO > PUEBLO SANTA CRUZ XOCHITEPEC (PUEBLOS Y BARRIOS ORIGINARIOS),False,False,Polygon,2026-07-05
09,CIUDAD DE MÉXICO,013,XOCHIMILCO,013-089,PUEBLO SANTA MARIA NATIVITAS,PUEBLOS Y BARRIOS ORIGINARIOS,XOCHIMILCO > PUEBLO SANTA MARIA NATIVITAS (PUEBLOS Y BARRIOS ORIGINARIOS),False,False,Polygon,2026-07-05
09,CIUDAD DE MÉXICO,013,XOCHIMILCO,013-090,PUEBLO SANTA MARIA TEPEPAN,PUEBLOS Y BARRIOS ORIGINARIOS,XOCHIMILCO > PUEBLO SANTA MARIA TEPEPAN (PUEBLOS Y BARRIOS ORIGINARIOS),False,False,Polygon,2026-07-05
09,CIUDAD DE MÉXICO,013,XOCHIMILCO,013-091,PUEBLO SANTIAGO TEPALCATLALPAN,PUEBLOS Y BARRIOS ORIGINARIOS,XOCHIMILCO > PUEBLO SANTIAGO TEPALCATLALPAN (PUEBLOS Y BARRIOS ORIGINARIOS),False,False,Polygon,2026-07-05
09,CIUDAD DE MÉXICO,013,XOCHIMILCO,013-092,PUEBLO SANTIAGO TEPALCATLALPAN,PUEBLOS Y BARRIOS ORIGINARIOS,XOCHIMILCO > PUEBLO SANTIAGO TEPALCATLALPAN (PUEBLOS Y BARRIOS ORIGINARIOS),False,False,Polygon,2026-07-05
09,CIUDAD DE MÉXICO,013,XOCHIMILCO,013-093,PUEBLO SANTIAGO TEPALCATLALPAN,PUEBLOS Y BARRIOS ORIGINARIOS,XOCHIMILCO > PUEBLO SANTIAGO TEPALCATLALPAN (PUEBLOS Y BARRIOS ORIGINARIOS),False,False,Polygon,2026-07-05
09,CIUDAD DE MÉXICO,013,XOCHIMILCO,013-094,PUEBLO SANTIAGO TEPALCATLALPAN U H RCDA DEL SUR,PUEBLOS Y BARRIOS ORIGINARIOS,XOCHIMILCO > PUEBLO SANTIAGO TEPALCATLALPAN U H RCDA DEL SUR (PUEBLOS Y BARRIOS ORIGINARIOS),False,False,Polygon,2026-07-05
09,CIUDAD DE MÉXICO,013,XOCHIMILCO,013-095,QUIRINO MENDOZA,COLONIA,XOCHIMILCO > QUIRINO MENDOZA (COLONIA),True,False,Polygon,2026-07-05
09,CIUDAD DE MÉXICO,013,XOCHIMILCO,013-096,RANCHO TEJOMULCO,COLONIA,XOCHIMILCO > RANCHO TEJOMULCO (COLONIA),True,False,Polygon,2026-07-05
09,CIUDAD DE MÉXICO,013,XOCHIMILCO,013-097,RINCONADA COAPA,COLONIA,XOCHIMILCO > RINCONADA COAPA (COLONIA),True,False,Polygon,2026-07-05
09,CIUDAD DE MÉXICO,013,XOCHIMILCO,013-098,ROSARIO TLALI,COLONIA,XOCHIMILCO > ROSARIO TLALI (COLONIA),True,False,Polygon,2026-07-05
09,CIUDAD DE MÉXICO,013,XOCHIMILCO,013-099,SAN BARTOLO EL CHICO,COLONIA,XOCHIMILCO > SAN BARTOLO EL CHICO (COLONIA),True,False,Polygon,2026-07-05
09,CIUDAD DE MÉXICO,013,XOCHIMILCO,013-100,SAN FELIPE,COLONIA,XOCHIMILCO > SAN FELIPE (COLONIA),True,False,Polygon,2026-07-05
09,CIUDAD DE MÉXICO,013,XOCHIMILCO,013-101,SAN ISIDRO,COLONIA,XOCHIMILCO > SAN ISIDRO (COLONIA),True,False,Polygon,2026-07-05
09,CIUDAD DE MÉXICO,013,XOCHIMILCO,013-102,SAN JERONIMO,COLONIA,XOCHIMILCO > SAN JERONIMO (COLONIA),True,False,Polygon,2026-07-05
09,CIUDAD DE MÉXICO,013,XOCHIMILCO,013-103,SAN JUAN TEPEPAN,COLONIA,XOCHIMILCO > SAN JUAN TEPEPAN (COLONIA),True,False,Polygon,2026-07-05
09,CIUDAD DE MÉXICO,013,XOCHIMILCO,013-104,SAN LORENZO LA CEBADA,COLONIA,XOCHIMILCO > SAN LORENZO LA CEBADA (COLONIA),True,False,Polygon,2026-07-05
09,CIUDAD DE MÉXICO,013,XOCHIMILCO,013-105,SAN LUCAS ORIENTE,COLONIA,XOCHIMILCO > SAN LUCAS ORIENTE (COLONIA),True,False,Polygon,2026-07-05
09,CIUDAD DE MÉXICO,013,XOCHIMILCO,013-106,SAN LUCAS ORIENTE,COLONIA,XOCHIMILCO > SAN LUCAS ORIENTE (COLONIA),True,False,Polygon,2026-07-05
09,CIUDAD DE MÉXICO,013,XOCHIMILCO,013-107,SANTA CRUZ CHAVARRIETA,COLONIA,XOCHIMILCO > SANTA CRUZ CHAVARRIETA (COLONIA),True,False,Polygon,2026-07-05
09,CIUDAD DE MÉXICO,013,XOCHIMILCO,013-108,SANTA CRUZ DE GUADALUPE,COLONIA,XOCHIMILCO > SANTA CRUZ DE GUADALUPE (COLONIA),True,False,Polygon,2026-07-05
09,CIUDAD DE MÉXICO,013,XOCHIMILCO,013-109,SANTA INES,COLONIA,XOCHIMILCO > SANTA INES (COLONIA),True,False,Polygon,2026-07-05
09,CIUDAD DE MÉXICO,013,XOCHIMILCO,013-110,SANTIAGUITO,COLONIA,XOCHIMILCO > SANTIAGUITO (COLONIA),True,False,Polygon,2026-07-05
09,CIUDAD DE MÉXICO,013,XOCHIMILCO,013-111,TABLAS DE SAN LORENZO,COLONIA,XOCHIMILCO > TABLAS DE SAN LORENZO (COLONIA),True,False,Polygon,2026-07-05
09,CIUDAD DE MÉXICO,013,XOCHIMILCO,013-112,TEXMIC,COLONIA,XOCHIMILCO > TEXMIC (COLONIA),True,False,Polygon,2026-07-05
09,CIUDAD DE MÉXICO,013,XOCHIMILCO,013-113,TIERRA NUEVA,COLONIA,XOCHIMILCO > TIERRA NUEVA (COLONIA),True,False,Polygon,2026-07-05
09,CIUDAD DE MÉXICO,013,XOCHIMILCO,013-114,VALLE DE SANTA MARIA,COLONIA,XOCHIMILCO > VALLE DE SANTA MARIA (COLONIA),True,False,Polygon,2026-07-05
09,CIUDAD DE MÉXICO,013,XOCHIMILCO,013-115,XOCHIPILLI,COLONIA,XOCHIMILCO > XOCHIPILLI (COLONIA),True,False,Polygon,2026-07-05
09,CIUDAD DE MÉXICO,014,BENITO JUÁREZ,014-001,8 DE AGOSTO,COLONIA,BENITO JUÁREZ > 8 DE AGOSTO (COLONIA),True,False,Polygon,2026-07-05
09,CIUDAD DE MÉXICO,014,BENITO JUÁREZ,014-002,ACACIAS,COLONIA,BENITO JUÁREZ > ACACIAS (COLONIA),True,False,Polygon,2026-07-05
09,CIUDAD DE MÉXICO,014,BENITO JUÁREZ,014-003,ACTIPAN,COLONIA,BENITO JUÁREZ > ACTIPAN (COLONIA),True,False,Polygon,2026-07-05
09,CIUDAD DE MÉXICO,014,BENITO JUÁREZ,014-004,ALAMOS,COLONIA,BENITO JUÁREZ > ALAMOS (COLONIA),True,False,Polygon,2026-07-05
09,CIUDAD DE MÉXICO,014,BENITO JUÁREZ,014-005,ALBERT,COLONIA,BENITO JUÁREZ > ALBERT (COLONIA),True,False,Polygon,2026-07-05
09,CIUDAD DE MÉXICO,014,BENITO JUÁREZ,014-006,AMERICAS UNIDAS,COLONIA,BENITO JUÁREZ > AMERICAS UNIDAS (COLONIA),True,False,Polygon,2026-07-05
09,CIUDAD DE MÉXICO,014,BENITO JUÁREZ,014-007,AMPLIACION NAPOLES,COLONIA,BENITO JUÁREZ > AMPLIACION NAPOLES (COLONIA),True,False,Polygon,2026-07-05
09,CIUDAD DE MÉXICO,014,BENITO JUÁREZ,014-008,ATENOR SALAS,COLONIA,BENITO JUÁREZ > ATENOR SALAS (COLONIA),True,False,Polygon,2026-07-05
09,CIUDAD DE MÉXICO,014,BENITO JUÁREZ,014-009,CIUDAD DE LOS DEPORTES,COLONIA,BENITO JUÁREZ > CIUDAD DE LOS DEPORTES (COLONIA),True,False,Polygon,2026-07-05
09,CIUDAD DE MÉXICO,014,BENITO JUÁREZ,014-010,CREDITO CONSTRUCTOR,COLONIA,BENITO JUÁREZ > CREDITO CONSTRUCTOR (COLONIA),True,False,Polygon,2026-07-05
09,CIUDAD DE MÉXICO,014,BENITO JUÁREZ,014-011,DEL CARMEN,COLONIA,BENITO JUÁREZ > DEL CARMEN (COLONIA),True,False,Polygon,2026-07-05
09,CIUDAD DE MÉXICO,014,BENITO JUÁREZ,014-012,DEL LAGO,COLONIA,BENITO JUÁREZ > DEL LAGO (COLONIA),True,False,Polygon,2026-07-05
09,CIUDAD DE MÉXICO,014,BENITO JUÁREZ,014-013,DEL VALLE CENTRO,COLONIA,BENITO JUÁREZ > DEL VALLE CENTRO (COLONIA),True,False,Polygon,2026-07-05
09,CIUDAD DE MÉXICO,014,BENITO JUÁREZ,014-014,DEL VALLE NORTE,COLONIA,BENITO JUÁREZ > DEL VALLE NORTE (COLONIA),True,False,Polygon,2026-07-05
09,CIUDAD DE MÉXICO,014,BENITO JUÁREZ,014-015,DEL VALLE SUR,COLONIA,BENITO JUÁREZ > DEL VALLE SUR (COLONIA),True,False,Polygon,2026-07-05
09,CIUDAD DE MÉXICO,014,BENITO JUÁREZ,014-016,ERMITA,COLONIA,BENITO JUÁREZ > ERMITA (COLONIA),True,False,Polygon,2026-07-05
09,CIUDAD DE MÉXICO,014,BENITO JUÁREZ,014-017,EXTREMADURA INSURGENTES,COLONIA,BENITO JUÁREZ > EXTREMADURA INSURGENTES (COLONIA),True,False,Polygon,2026-07-05
09,CIUDAD DE MÉXICO,014,BENITO JUÁREZ,014-018,GENERAL PEDRO MA ANAYA,COLONIA,BENITO JUÁREZ > GENERAL PEDRO MA ANAYA (COLONIA),True,False,Polygon,2026-07-05
09,CIUDAD DE MÉXICO,014,BENITO JUÁREZ,014-019,INDEPENDENCIA,COLONIA,BENITO JUÁREZ > INDEPENDENCIA (COLONIA),True,False,Polygon,2026-07-05
09,CIUDAD DE MÉXICO,014,BENITO JUÁREZ,014-020,INSURGENTES MIXCOAC,COLONIA,BENITO JUÁREZ > INSURGENTES MIXCOAC (COLONIA),True,False,Polygon,2026-07-05
09,CIUDAD DE MÉXICO,014,BENITO JUÁREZ,014-021,INSURGENTES SAN BORJA,COLONIA,BENITO JUÁREZ > INSURGENTES SAN BORJA (COLONIA),True,False,Polygon,2026-07-05
09,CIUDAD DE MÉXICO,014,BENITO JUÁREZ,014-022,IZTACCIHUATL,COLONIA,BENITO JUÁREZ > IZTACCIHUATL (COLONIA),True,False,Polygon,2026-07-05
09,CIUDAD DE MÉXICO,014,BENITO JUÁREZ,014-023,JOSEFA ORTIZ DE DOMINGUEZ,COLONIA,BENITO JUÁREZ > JOSEFA ORTIZ DE DOMINGUEZ (COLONIA),True,False,Polygon,2026-07-05
09,CIUDAD DE MÉXICO,014,BENITO JUÁREZ,014-024,LETRAN VALLE,COLONIA,BENITO JUÁREZ > LETRAN VALLE (COLONIA),True,False,Polygon,2026-07-05
09,CIUDAD DE MÉXICO,014,BENITO JUÁREZ,014-025,MERCED GOMEZ,COLONIA,BENITO JUÁREZ > MERCED GOMEZ (COLONIA),True,False,Polygon,2026-07-05
09,CIUDAD DE MÉXICO,014,BENITO JUÁREZ,014-026,MIGUEL ALEMAN,COLONIA,BENITO JUÁREZ > MIGUEL ALEMAN (COLONIA),True,False,Polygon,2026-07-05
09,CIUDAD DE MÉXICO,014,BENITO JUÁREZ,014-027,MIRAVALLE,COLONIA,BENITO JUÁREZ > MIRAVALLE (COLONIA),True,False,Polygon,2026-07-05
09,CIUDAD DE MÉXICO,014,BENITO JUÁREZ,014-028,MIXCOAC,COLONIA,BENITO JUÁREZ > MIXCOAC (COLONIA),True,False,Polygon,2026-07-05
09,CIUDAD DE MÉXICO,014,BENITO JUÁREZ,014-029,MODERNA,COLONIA,BENITO JUÁREZ > MODERNA (COLONIA),True,False,Polygon,2026-07-05
09,CIUDAD DE MÉXICO,014,BENITO JUÁREZ,014-030,NAPOLES,COLONIA,BENITO JUÁREZ > NAPOLES (COLONIA),True,False,Polygon,2026-07-05
09,CIUDAD DE MÉXICO,014,BENITO JUÁREZ,014-031,NARVARTE ORIENTE,COLONIA,BENITO JUÁREZ > NARVARTE ORIENTE (COLONIA),True,False,Polygon,2026-07-05
09,CIUDAD DE MÉXICO,014,BENITO JUÁREZ,014-032,NARVARTE PONIENTE,COLONIA,BENITO JUÁREZ > NARVARTE PONIENTE (COLONIA),True,False,Polygon,2026-07-05
09,CIUDAD DE MÉXICO,014,BENITO JUÁREZ,014-033,NATIVITAS,COLONIA,BENITO JUÁREZ > NATIVITAS (COLONIA),True,False,Polygon,2026-07-05
09,CIUDAD DE MÉXICO,014,BENITO JUÁREZ,014-034,NIÑOS HEROES,COLONIA,BENITO JUÁREZ > NIÑOS HEROES (COLONIA),True,False,Polygon,2026-07-05
09,CIUDAD DE MÉXICO,014,BENITO JUÁREZ,014-035,NOCHE BUENA,COLONIA,BENITO JUÁREZ > NOCHE BUENA (COLONIA),True,False,Polygon,2026-07-05
09,CIUDAD DE MÉXICO,014,BENITO JUÁREZ,014-036,PERIODISTA,COLONIA,BENITO JUÁREZ > PERIODISTA (COLONIA),True,False,Polygon,2026-07-05
09,CIUDAD DE MÉXICO,014,BENITO JUÁREZ,014-037,PIEDAD NARVARTE,COLONIA,BENITO JUÁREZ > PIEDAD NARVARTE (COLONIA),True,False,Polygon,2026-07-05
09,CIUDAD DE MÉXICO,014,BENITO JUÁREZ,014-038,PORTALES NORTE,COLONIA,BENITO JUÁREZ > PORTALES NORTE (COLONIA),True,False,Polygon,2026-07-05
09,CIUDAD DE MÉXICO,014,BENITO JUÁREZ,014-039,PORTALES ORIENTE,COLONIA,BENITO JUÁREZ > PORTALES ORIENTE (COLONIA),True,False,Polygon,2026-07-05
09,CIUDAD DE MÉXICO,014,BENITO JUÁREZ,014-040,PORTALES SUR,COLONIA,BENITO JUÁREZ > PORTALES SUR (COLONIA),True,False,Polygon,2026-07-05
09,CIUDAD DE MÉXICO,014,BENITO JUÁREZ,014-041,POSTAL,COLONIA,BENITO JUÁREZ > POSTAL (COLONIA),True,False,Polygon,2026-07-05
09,CIUDAD DE MÉXICO,014,BENITO JUÁREZ,014-042,RESIDENCIAL EMPERADORES,COLONIA,BENITO JUÁREZ > RESIDENCIAL EMPERADORES (COLONIA),True,False,Polygon,2026-07-05
09,CIUDAD DE MÉXICO,014,BENITO JUÁREZ,014-043,SAN JOSE INSURGENTES,COLONIA,BENITO JUÁREZ > SAN JOSE INSURGENTES (COLONIA),True,False,Polygon,2026-07-05
09,CIUDAD DE MÉXICO,014,BENITO JUÁREZ,014-044,SAN JUAN,COLONIA,BENITO JUÁREZ > SAN JUAN (COLONIA),True,False,Polygon,2026-07-05
09,CIUDAD DE MÉXICO,014,BENITO JUÁREZ,014-045,SAN PEDRO DE LOS PINOS,COLONIA,BENITO JUÁREZ > SAN PEDRO DE LOS PINOS (COLONIA),True,False,Polygon,2026-07-05
09,CIUDAD DE MÉXICO,014,BENITO JUÁREZ,014-046,SAN SIMON TICUMAC,COLONIA,BENITO JUÁREZ > SAN SIMON TICUMAC (COLONIA),True,False,Polygon,2026-07-05
09,CIUDAD DE MÉXICO,014,BENITO JUÁREZ,014-047,SANTA CRUZ ATOYAC,COLONIA,BENITO JUÁREZ > SANTA CRUZ ATOYAC (COLONIA),True,False,Polygon,2026-07-05
09,CIUDAD DE MÉXICO,014,BENITO JUÁREZ,014-048,SANTA MARIA NONOALCO,COLONIA,BENITO JUÁREZ > SANTA MARIA NONOALCO (COLONIA),True,False,Polygon,2026-07-05
09,CIUDAD DE MÉXICO,014,BENITO JUÁREZ,014-049,TLACOQUEMECATL,COLONIA,BENITO JUÁREZ > TLACOQUEMECATL (COLONIA),True,False,Polygon,2026-07-05
09,CIUDAD DE MÉXICO,014,BENITO JUÁREZ,014-050,VERTIZ NARVARTE,COLONIA,BENITO JUÁREZ > VERTIZ NARVARTE (COLONIA),True,False,Polygon,2026-07-05
09,CIUDAD DE MÉXICO,014,BENITO JUÁREZ,014-051,VILLA DE CORTES,COLONIA,BENITO JUÁREZ > VILLA DE CORTES (COLONIA),True,False,Polygon,2026-07-05
09,CIUDAD DE MÉXICO,014,BENITO JUÁREZ,014-052,XOCO,COLONIA,BENITO JUÁREZ > XOCO (COLONIA),True,False,Polygon,2026-07-05
09,CIUDAD DE MÉXICO,014,BENITO JUÁREZ,014-053,ZACAHUITZCO,COLONIA,BENITO JUÁREZ > ZACAHUITZCO (COLONIA),True,False,Polygon,2026-07-05
09,CIUDAD DE MÉXICO,015,CUAUHTÉMOC,015-001,ALGARIN,COLONIA,CUAUHTÉMOC > ALGARIN (COLONIA),True,False,Polygon,2026-07-05
09,CIUDAD DE MÉXICO,015,CUAUHTÉMOC,015-002,AMPL. ASTURIAS,COLONIA,CUAUHTÉMOC > AMPL. ASTURIAS (COLONIA),True,False,Polygon,2026-07-05
09,CIUDAD DE MÉXICO,015,CUAUHTÉMOC,015-003,ASTURIAS,COLONIA,CUAUHTÉMOC > ASTURIAS (COLONIA),True,False,Polygon,2026-07-05
09,CIUDAD DE MÉXICO,015,CUAUHTÉMOC,015-004,ATLAMPA,COLONIA,CUAUHTÉMOC > ATLAMPA (COLONIA),True,False,Polygon,2026-07-05
09,CIUDAD DE MÉXICO,015,CUAUHTÉMOC,015-005,BUENAVISTA,COLONIA,CUAUHTÉMOC > BUENAVISTA (COLONIA),True,False,Polygon,2026-07-05
09,CIUDAD DE MÉXICO,015,CUAUHTÉMOC,015-006,BUENOS AIRES,COLONIA,CUAUHTÉMOC > BUENOS AIRES (COLONIA),True,False,Polygon,2026-07-05
09,CIUDAD DE MÉXICO,015,CUAUHTÉMOC,015-007,CENTRO,COLONIA,CUAUHTÉMOC > CENTRO (COLONIA),True,False,Polygon,2026-07-05
09,CIUDAD DE MÉXICO,015,CUAUHTÉMOC,015-008,CONDESA,COLONIA,CUAUHTÉMOC > CONDESA (COLONIA),True,False,Polygon,2026-07-05
09,CIUDAD DE MÉXICO,015,CUAUHTÉMOC,015-009,CUAUHTEMOC,COLONIA,CUAUHTÉMOC > CUAUHTEMOC (COLONIA),True,False,Polygon,2026-07-05
09,CIUDAD DE MÉXICO,015,CUAUHTÉMOC,015-010,DOCTORES,COLONIA,CUAUHTÉMOC > DOCTORES (COLONIA),True,False,Polygon,2026-07-05
09,CIUDAD DE MÉXICO,015,CUAUHTÉMOC,015-011,ESPERANZA,COLONIA,CUAUHTÉMOC > ESPERANZA (COLONIA),True,False,Polygon,2026-07-05
09,CIUDAD DE MÉXICO,015,CUAUHTÉMOC,015-012,EX HIPODROMO DE PERALVILLO,COLONIA,CUAUHTÉMOC > EX HIPODROMO DE PERALVILLO (COLONIA),True,False,Polygon,2026-07-05
09,CIUDAD DE MÉXICO,015,CUAUHTÉMOC,015-013,FELIPE PESCADOR,COLONIA,CUAUHTÉMOC > FELIPE PESCADOR (COLONIA),True,False,Polygon,2026-07-05
09,CIUDAD DE MÉXICO,015,CUAUHTÉMOC,015-014,GUERRERO,COLONIA,CUAUHTÉMOC > GUERRERO (COLONIA),True,False,Polygon,2026-07-05
09,CIUDAD DE MÉXICO,015,CUAUHTÉMOC,015-015,HIPODROMO,COLONIA,CUAUHTÉMOC > HIPODROMO (COLONIA),True,False,Polygon,2026-07-05
09,CIUDAD DE MÉXICO,015,CUAUHTÉMOC,015-016,HIPODROMO CONDESA,COLONIA,CUAUHTÉMOC > HIPODROMO CONDESA (COLONIA),True,False,Polygon,2026-07-05
09,CIUDAD DE MÉXICO,015,CUAUHTÉMOC,015-017,JUAREZ,COLONIA,CUAUHTÉMOC > JUAREZ (COLONIA),True,False,Polygon,2026-07-05
09,CIUDAD DE MÉXICO,015,CUAUHTÉMOC,015-018,MAZA,COLONIA,CUAUHTÉMOC > MAZA (COLONIA),True,False,Polygon,2026-07-05
09,CIUDAD DE MÉXICO,015,CUAUHTÉMOC,015-019,MORELOS,COLONIA,CUAUHTÉMOC > MORELOS (COLONIA),True,False,Polygon,2026-07-05
09,CIUDAD DE MÉXICO,015,CUAUHTÉMOC,015-020,NONOALCO TLATELOLCO,COLONIA,CUAUHTÉMOC > NONOALCO TLATELOLCO (COLONIA),True,False,Polygon,2026-07-05
09,CIUDAD DE MÉXICO,015,CUAUHTÉMOC,015-021,OBRERA,COLONIA,CUAUHTÉMOC > OBRERA (COLONIA),True,False,Polygon,2026-07-05
09,CIUDAD DE MÉXICO,015,CUAUHTÉMOC,015-022,PAULINO NAVARRO,COLONIA,CUAUHTÉMOC > PAULINO NAVARRO (COLONIA),True,False,Polygon,2026-07-05
09,CIUDAD DE MÉXICO,015,CUAUHTÉMOC,015-023,PERALVILLO,COLONIA,CUAUHTÉMOC > PERALVILLO (COLONIA),True,False,Polygon,2026-07-05
09,CIUDAD DE MÉXICO,015,CUAUHTÉMOC,015-024,ROMA NORTE,COLONIA,CUAUHTÉMOC > ROMA NORTE (COLONIA),True,False,Polygon,2026-07-05
09,CIUDAD DE MÉXICO,015,CUAUHTÉMOC,015-025,ROMA SUR,COLONIA,CUAUHTÉMOC > ROMA SUR (COLONIA),True,False,Polygon,2026-07-05
09,CIUDAD DE MÉXICO,015,CUAUHTÉMOC,015-026,SAN RAFAEL,COLONIA,CUAUHTÉMOC > SAN RAFAEL (COLONIA),True,False,Polygon,2026-07-05
09,CIUDAD DE MÉXICO,015,CUAUHTÉMOC,015-027,SAN SIMON TOLNAHUAC,COLONIA,CUAUHTÉMOC > SAN SIMON TOLNAHUAC (COLONIA),True,False,Polygon,2026-07-05
09,CIUDAD DE MÉXICO,015,CUAUHTÉMOC,015-028,SANTA MARIA INSURGENTES,COLONIA,CUAUHTÉMOC > SANTA MARIA INSURGENTES (COLONIA),True,False,Polygon,2026-07-05
09,CIUDAD DE MÉXICO,015,CUAUHTÉMOC,015-029,SANTA MARIA LA RIBERA,COLONIA,CUAUHTÉMOC > SANTA MARIA LA RIBERA (COLONIA),True,False,Polygon,2026-07-05
09,CIUDAD DE MÉXICO,015,CUAUHTÉMOC,015-030,TABACALERA,COLONIA,CUAUHTÉMOC > TABACALERA (COLONIA),True,False,Polygon,2026-07-05
09,CIUDAD DE MÉXICO,015,CUAUHTÉMOC,015-031,TRANSITO,COLONIA,CUAUHTÉMOC > TRANSITO (COLONIA),True,False,Polygon,2026-07-05
09,CIUDAD DE MÉXICO,015,CUAUHTÉMOC,015-032,VALLE GOMEZ,COLONIA,CUAUHTÉMOC > VALLE GOMEZ (COLONIA),True,False,Polygon,2026-07-05
09,CIUDAD DE MÉXICO,015,CUAUHTÉMOC,015-033,VISTA ALEGRE,COLONIA,CUAUHTÉMOC > VISTA ALEGRE (COLONIA),True,False,Polygon,2026-07-05
09,CIUDAD DE MÉXICO,016,MIGUEL HIDALGO,016-001,10 DE ABRIL,COLONIA,MIGUEL HIDALGO > 10 DE ABRIL (COLONIA),True,False,Polygon,2026-07-05
09,CIUDAD DE MÉXICO,016,MIGUEL HIDALGO,016-002,16 DE SEPTIEMBRE,COLONIA,MIGUEL HIDALGO > 16 DE SEPTIEMBRE (COLONIA),True,False,Polygon,2026-07-05
09,CIUDAD DE MÉXICO,016,MIGUEL HIDALGO,016-003,5 DE MAYO,COLONIA,MIGUEL HIDALGO > 5 DE MAYO (COLONIA),True,False,Polygon,2026-07-05
09,CIUDAD DE MÉXICO,016,MIGUEL HIDALGO,016-004,AGRICULTURA,COLONIA,MIGUEL HIDALGO > AGRICULTURA (COLONIA),True,False,Polygon,2026-07-05
09,CIUDAD DE MÉXICO,016,MIGUEL HIDALGO,016-005,AHUEHUETES ANAHUAC,COLONIA,MIGUEL HIDALGO > AHUEHUETES ANAHUAC (COLONIA),True,False,Polygon,2026-07-05
09,CIUDAD DE MÉXICO,016,MIGUEL HIDALGO,016-006,AMERICA,COLONIA,MIGUEL HIDALGO > AMERICA (COLONIA),True,False,Polygon,2026-07-05
09,CIUDAD DE MÉXICO,016,MIGUEL HIDALGO,016-007,AMPLIACION DANIEL GARZA,COLONIA,MIGUEL HIDALGO > AMPLIACION DANIEL GARZA (COLONIA),True,False,Polygon,2026-07-05
09,CIUDAD DE MÉXICO,016,MIGUEL HIDALGO,016-008,AMPLIACION GRANADA,COLONIA,MIGUEL HIDALGO > AMPLIACION GRANADA (COLONIA),True,False,Polygon,2026-07-05
09,CIUDAD DE MÉXICO,016,MIGUEL HIDALGO,016-009,AMPLIACION POPO,COLONIA,MIGUEL HIDALGO > AMPLIACION POPO (COLONIA),True,False,Polygon,2026-07-05
09,CIUDAD DE MÉXICO,016,MIGUEL HIDALGO,016-010,AMPLIACION TORRE BLANCA,COLONIA,MIGUEL HIDALGO > AMPLIACION TORRE BLANCA (COLONIA),True,False,Polygon,2026-07-05
09,CIUDAD DE MÉXICO,016,MIGUEL HIDALGO,016-011,ANAHUAC I SECCION,COLONIA,MIGUEL HIDALGO > ANAHUAC I SECCION (COLONIA),True,False,Polygon,2026-07-05
09,CIUDAD DE MÉXICO,016,MIGUEL HIDALGO,016-012,ANAHUAC II SECCION,COLONIA,MIGUEL HIDALGO > ANAHUAC II SECCION (COLONIA),True,False,Polygon,2026-07-05
09,CIUDAD DE MÉXICO,016,MIGUEL HIDALGO,016-013,ANZURES,COLONIA,MIGUEL HIDALGO > ANZURES (COLONIA),True,False,Polygon,2026-07-05
09,CIUDAD DE MÉXICO,016,MIGUEL HIDALGO,016-014,ANZURES,COLONIA,MIGUEL HIDALGO > ANZURES (COLONIA),True,False,Polygon,2026-07-05
09,CIUDAD DE MÉXICO,016,MIGUEL HIDALGO,016-015,ARGENTINA ANTIGUA,COLONIA,MIGUEL HIDALGO > ARGENTINA ANTIGUA (COLONIA),True,False,Polygon,2026-07-05
09,CIUDAD DE MÉXICO,016,MIGUEL HIDALGO,016-016,ARGENTINA PONIENTE,COLONIA,MIGUEL HIDALGO > ARGENTINA PONIENTE (COLONIA),True,False,Polygon,2026-07-05
09,CIUDAD DE MÉXICO,016,MIGUEL HIDALGO,016-017,BOSQUE DE CHAPULTEPEC I SECCION,COLONIA,MIGUEL HIDALGO > BOSQUE DE CHAPULTEPEC I SECCION (COLONIA),True,False,Polygon,2026-07-05
09,CIUDAD DE MÉXICO,016,MIGUEL HIDALGO,016-018,BOSQUE DE CHAPULTEPEC II SECCION,COLONIA,MIGUEL HIDALGO > BOSQUE DE CHAPULTEPEC II SECCION (COLONIA),True,False,Polygon,2026-07-05
09,CIUDAD DE MÉXICO,016,MIGUEL HIDALGO,016-019,BOSQUE DE CHAPULTEPEC III SECCION,COLONIA,MIGUEL HIDALGO > BOSQUE DE CHAPULTEPEC III SECCION (COLONIA),True,False,Polygon,2026-07-05
09,CIUDAD DE MÉXICO,016,MIGUEL HIDALGO,016-020,BOSQUE DE LAS LOMAS,COLONIA,MIGUEL HIDALGO > BOSQUE DE LAS LOMAS (COLONIA),True,False,Polygon,2026-07-05
09,CIUDAD DE MÉXICO,016,MIGUEL HIDALGO,016-021,CUAUHTEMOC PENSIL,COLONIA,MIGUEL HIDALGO > CUAUHTEMOC PENSIL (COLONIA),True,False,Polygon,2026-07-05
09,CIUDAD DE MÉXICO,016,MIGUEL HIDALGO,016-022,DANIEL GARZA,COLONIA,MIGUEL HIDALGO > DANIEL GARZA (COLONIA),True,False,Polygon,2026-07-05
09,CIUDAD DE MÉXICO,016,MIGUEL HIDALGO,016-023,DEPORTIVO PENSIL,COLONIA,MIGUEL HIDALGO > DEPORTIVO PENSIL (COLONIA),True,False,Polygon,2026-07-05
09,CIUDAD DE MÉXICO,016,MIGUEL HIDALGO,016-024,DOS LAGOS,COLONIA,MIGUEL HIDALGO > DOS LAGOS (COLONIA),True,False,Polygon,2026-07-05
09,CIUDAD DE MÉXICO,016,MIGUEL HIDALGO,016-025,ESCANDON I SECCION,COLONIA,MIGUEL HIDALGO > ESCANDON I SECCION (COLONIA),True,False,Polygon,2026-07-05
09,CIUDAD DE MÉXICO,016,MIGUEL HIDALGO,016-026,ESCANDON II SECCION,COLONIA,MIGUEL HIDALGO > ESCANDON II SECCION (COLONIA),True,False,Polygon,2026-07-05
09,CIUDAD DE MÉXICO,016,MIGUEL HIDALGO,016-027,FRANCISCO I MADERO,COLONIA,MIGUEL HIDALGO > FRANCISCO I MADERO (COLONIA),True,False,Polygon,2026-07-05
09,CIUDAD DE MÉXICO,016,MIGUEL HIDALGO,016-028,GRANADA,COLONIA,MIGUEL HIDALGO > GRANADA (COLONIA),True,False,Polygon,2026-07-05
09,CIUDAD DE MÉXICO,016,MIGUEL HIDALGO,016-029,HUICHAPAN,COLONIA,MIGUEL HIDALGO > HUICHAPAN (COLONIA),True,False,Polygon,2026-07-05
09,CIUDAD DE MÉXICO,016,MIGUEL HIDALGO,016-030,IGNACIO MANUEL ALTAMIRANO,COLONIA,MIGUEL HIDALGO > IGNACIO MANUEL ALTAMIRANO (COLONIA),True,False,Polygon,2026-07-05
09,CIUDAD DE MÉXICO,016,MIGUEL HIDALGO,016-031,IRRIGACION,COLONIA,MIGUEL HIDALGO > IRRIGACION (COLONIA),True,False,Polygon,2026-07-05
09,CIUDAD DE MÉXICO,016,MIGUEL HIDALGO,016-032,LAGO NORTE,COLONIA,MIGUEL HIDALGO > LAGO NORTE (COLONIA),True,False,Polygon,2026-07-05
09,CIUDAD DE MÉXICO,016,MIGUEL HIDALGO,016-033,LAGO SUR,COLONIA,MIGUEL HIDALGO > LAGO SUR (COLONIA),True,False,Polygon,2026-07-05
09,CIUDAD DE MÉXICO,016,MIGUEL HIDALGO,016-034,LEGARIA,COLONIA,MIGUEL HIDALGO > LEGARIA (COLONIA),True,False,Polygon,2026-07-05
09,CIUDAD DE MÉXICO,016,MIGUEL HIDALGO,016-035,LOMA HERMOSA,COLONIA,MIGUEL HIDALGO > LOMA HERMOSA (COLONIA),True,False,Polygon,2026-07-05
09,CIUDAD DE MÉXICO,016,MIGUEL HIDALGO,016-036,LOMAS ALTAS,COLONIA,MIGUEL HIDALGO > LOMAS ALTAS (COLONIA),True,False,Polygon,2026-07-05
09,CIUDAD DE MÉXICO,016,MIGUEL HIDALGO,016-037,LOMAS DE BEZARES,COLONIA,MIGUEL HIDALGO > LOMAS DE BEZARES (COLONIA),True,False,Polygon,2026-07-05
09,CIUDAD DE MÉXICO,016,MIGUEL HIDALGO,016-038,LOMAS DE CHAPULTEPEC I SECCION,COLONIA,MIGUEL HIDALGO > LOMAS DE CHAPULTEPEC I SECCION (COLONIA),True,False,Polygon,2026-07-05
09,CIUDAD DE MÉXICO,016,MIGUEL HIDALGO,016-039,LOMAS DE CHAPULTEPEC II SECCION,COLONIA,MIGUEL HIDALGO > LOMAS DE CHAPULTEPEC II SECCION (COLONIA),True,False,Polygon,2026-07-05
09,CIUDAD DE MÉXICO,016,MIGUEL HIDALGO,016-040,LOMAS DE CHAPULTEPEC III SECCION,COLONIA,MIGUEL HIDALGO > LOMAS DE CHAPULTEPEC III SECCION (COLONIA),True,False,Polygon,2026-07-05
09,CIUDAD DE MÉXICO,016,MIGUEL HIDALGO,016-041,LOMAS DE CHAPULTEPEC IV SECCION,COLONIA,MIGUEL HIDALGO > LOMAS DE CHAPULTEPEC IV SECCION (COLONIA),True,False,Polygon,2026-07-05
09,CIUDAD DE MÉXICO,016,MIGUEL HIDALGO,016-042,LOMAS DE CHAPULTEPEC V SECCION,COLONIA,MIGUEL HIDALGO > LOMAS DE CHAPULTEPEC V SECCION (COLONIA),True,False,Polygon,2026-07-05
09,CIUDAD DE MÉXICO,016,MIGUEL HIDALGO,016-043,LOMAS DE CHAPULTEPEC VI SECCION,COLONIA,MIGUEL HIDALGO > LOMAS DE CHAPULTEPEC VI SECCION (COLONIA),True,False,Polygon,2026-07-05
09,CIUDAD DE MÉXICO,016,MIGUEL HIDALGO,016-044,LOMAS DE CHAPULTEPEC VII SECCION,COLONIA,MIGUEL HIDALGO > LOMAS DE CHAPULTEPEC VII SECCION (COLONIA),True,False,Polygon,2026-07-05
09,CIUDAD DE MÉXICO,016,MIGUEL HIDALGO,016-045,LOMAS DE CHAPULTEPEC VIII SECCION,COLONIA,MIGUEL HIDALGO > LOMAS DE CHAPULTEPEC VIII SECCION (COLONIA),True,False,Polygon,2026-07-05
09,CIUDAD DE MÉXICO,016,MIGUEL HIDALGO,016-046,LOMAS DE REFORMA,COLONIA,MIGUEL HIDALGO > LOMAS DE REFORMA (COLONIA),True,False,Polygon,2026-07-05
09,CIUDAD DE MÉXICO,016,MIGUEL HIDALGO,016-047,LOMAS DE SOTELO,COLONIA,MIGUEL HIDALGO > LOMAS DE SOTELO (COLONIA),True,False,Polygon,2026-07-05
09,CIUDAD DE MÉXICO,016,MIGUEL HIDALGO,016-048,LOS MANZANOS,COLONIA,MIGUEL HIDALGO > LOS MANZANOS (COLONIA),True,False,Polygon,2026-07-05
09,CIUDAD DE MÉXICO,016,MIGUEL HIDALGO,016-049,MANUEL AVILA CAMACHO,COLONIA,MIGUEL HIDALGO > MANUEL AVILA CAMACHO (COLONIA),True,False,Polygon,2026-07-05
09,CIUDAD DE MÉXICO,016,MIGUEL HIDALGO,016-050,MARIANO ESCOBEDO,COLONIA,MIGUEL HIDALGO > MARIANO ESCOBEDO (COLONIA),True,False,Polygon,2026-07-05
09,CIUDAD DE MÉXICO,016,MIGUEL HIDALGO,016-051,MEXICO NUEVO,COLONIA,MIGUEL HIDALGO > MEXICO NUEVO (COLONIA),True,False,Polygon,2026-07-05
09,CIUDAD DE MÉXICO,016,MIGUEL HIDALGO,016-052,MODELO PENSIL,COLONIA,MIGUEL HIDALGO > MODELO PENSIL (COLONIA),True,False,Polygon,2026-07-05
09,CIUDAD DE MÉXICO,016,MIGUEL HIDALGO,016-053,MOLINO DEL REY,COLONIA,MIGUEL HIDALGO > MOLINO DEL REY (COLONIA),True,False,Polygon,2026-07-05
09,CIUDAD DE MÉXICO,016,MIGUEL HIDALGO,016-054,NEXTITLA,COLONIA,MIGUEL HIDALGO > NEXTITLA (COLONIA),True,False,Polygon,2026-07-05
09,CIUDAD DE MÉXICO,016,MIGUEL HIDALGO,016-055,OBSERVATORIO,COLONIA,MIGUEL HIDALGO > OBSERVATORIO (COLONIA),True,False,Polygon,2026-07-05
09,CIUDAD DE MÉXICO,016,MIGUEL HIDALGO,016-056,PANTEON CIVIL DE DOLORES,COLONIA,MIGUEL HIDALGO > PANTEON CIVIL DE DOLORES (COLONIA),True,False,Polygon,2026-07-05
09,CIUDAD DE MÉXICO,016,MIGUEL HIDALGO,016-057,PENSIL NORTE,COLONIA,MIGUEL HIDALGO > PENSIL NORTE (COLONIA),True,False,Polygon,2026-07-05
09,CIUDAD DE MÉXICO,016,MIGUEL HIDALGO,016-058,PENSIL SUR,COLONIA,MIGUEL HIDALGO > PENSIL SUR (COLONIA),True,False,Polygon,2026-07-05
09,CIUDAD DE MÉXICO,016,MIGUEL HIDALGO,016-059,PERALITOS,COLONIA,MIGUEL HIDALGO > PERALITOS (COLONIA),True,False,Polygon,2026-07-05
09,CIUDAD DE MÉXICO,016,MIGUEL HIDALGO,016-060,PERIODISTA,COLONIA,MIGUEL HIDALGO > PERIODISTA (COLONIA),True,False,Polygon,2026-07-05
09,CIUDAD DE MÉXICO,016,MIGUEL HIDALGO,016-061,PLUTARCO ELIAS CALLES,COLONIA,MIGUEL HIDALGO > PLUTARCO ELIAS CALLES (COLONIA),True,False,Polygon,2026-07-05
09,CIUDAD DE MÉXICO,016,MIGUEL HIDALGO,016-062,POLANCO I SECCION,COLONIA,MIGUEL HIDALGO > POLANCO I SECCION (COLONIA),True,False,Polygon,2026-07-05
09,CIUDAD DE MÉXICO,016,MIGUEL HIDALGO,016-063,POLANCO II SECCION,COLONIA,MIGUEL HIDALGO > POLANCO II SECCION (COLONIA),True,False,Polygon,2026-07-05
09,CIUDAD DE MÉXICO,016,MIGUEL HIDALGO,016-064,POLANCO III SECCION,COLONIA,MIGUEL HIDALGO > POLANCO III SECCION (COLONIA),True,False,Polygon,2026-07-05
09,CIUDAD DE MÉXICO,016,MIGUEL HIDALGO,016-065,POLANCO IV SECCION,COLONIA,MIGUEL HIDALGO > POLANCO IV SECCION (COLONIA),True,False,Polygon,2026-07-05
09,CIUDAD DE MÉXICO,016,MIGUEL HIDALGO,016-066,POLANCO V SECCION,COLONIA,MIGUEL HIDALGO > POLANCO V SECCION (COLONIA),True,False,Polygon,2026-07-05
09,CIUDAD DE MÉXICO,016,MIGUEL HIDALGO,016-067,POPO,COLONIA,MIGUEL HIDALGO > POPO (COLONIA),True,False,Polygon,2026-07-05
09,CIUDAD DE MÉXICO,016,MIGUEL HIDALGO,016-068,POPOTLA,COLONIA,MIGUEL HIDALGO > POPOTLA (COLONIA),True,False,Polygon,2026-07-05
09,CIUDAD DE MÉXICO,016,MIGUEL HIDALGO,016-069,REAL DE LAS LOMAS,COLONIA,MIGUEL HIDALGO > REAL DE LAS LOMAS (COLONIA),True,False,Polygon,2026-07-05
09,CIUDAD DE MÉXICO,016,MIGUEL HIDALGO,016-070,REFORMA PENSIL,COLONIA,MIGUEL HIDALGO > REFORMA PENSIL (COLONIA),True,False,Polygon,2026-07-05
09,CIUDAD DE MÉXICO,016,MIGUEL HIDALGO,016-071,REFORMA SOCIAL,COLONIA,MIGUEL HIDALGO > REFORMA SOCIAL (COLONIA),True,False,Polygon,2026-07-05
09,CIUDAD DE MÉXICO,016,MIGUEL HIDALGO,016-072,RESIDENCIAL MILITAR,COLONIA,MIGUEL HIDALGO > RESIDENCIAL MILITAR (COLONIA),True,False,Polygon,2026-07-05
09,CIUDAD DE MÉXICO,016,MIGUEL HIDALGO,016-073,SAN DIEGO OCOYOACAC,COLONIA,MIGUEL HIDALGO > SAN DIEGO OCOYOACAC (COLONIA),True,False,Polygon,2026-07-05
09,CIUDAD DE MÉXICO,016,MIGUEL HIDALGO,016-074,SAN JOAQUIN,COLONIA,MIGUEL HIDALGO > SAN JOAQUIN (COLONIA),True,False,Polygon,2026-07-05
09,CIUDAD DE MÉXICO,016,MIGUEL HIDALGO,016-075,SAN JUANICO,COLONIA,MIGUEL HIDALGO > SAN JUANICO (COLONIA),True,False,Polygon,2026-07-05
09,CIUDAD DE MÉXICO,016,MIGUEL HIDALGO,016-076,SAN LORENZO TLATENANGO,COLONIA,MIGUEL HIDALGO > SAN LORENZO TLATENANGO (COLONIA),True,False,Polygon,2026-07-05
09,CIUDAD DE MÉXICO,016,MIGUEL HIDALGO,016-077,SAN MIGUEL CHAPULTEPEC I SECCION,COLONIA,MIGUEL HIDALGO > SAN MIGUEL CHAPULTEPEC I SECCION (COLONIA),True,False,Polygon,2026-07-05
09,CIUDAD DE MÉXICO,016,MIGUEL HIDALGO,016-078,SAN MIGUEL CHAPULTEPEC II SECCION,COLONIA,MIGUEL HIDALGO > SAN MIGUEL CHAPULTEPEC II SECCION (COLONIA),True,False,Polygon,2026-07-05
09,CIUDAD DE MÉXICO,016,MIGUEL HIDALGO,016-079,SANTO TOMAS,COLONIA,MIGUEL HIDALGO > SANTO TOMAS (COLONIA),True,False,Polygon,2026-07-05
09,CIUDAD DE MÉXICO,016,MIGUEL HIDALGO,016-080,TACUBA,COLONIA,MIGUEL HIDALGO > TACUBA (COLONIA),True,False,Polygon,2026-07-05
09,CIUDAD DE MÉXICO,016,MIGUEL HIDALGO,016-081,TACUBAYA,COLONIA,MIGUEL HIDALGO > TACUBAYA (COLONIA),True,False,Polygon,2026-07-05
09,CIUDAD DE MÉXICO,016,MIGUEL HIDALGO,016-082,TLAXPANA,COLONIA,MIGUEL HIDALGO > TLAXPANA (COLONIA),True,False,Polygon,2026-07-05
09,CIUDAD DE MÉXICO,016,MIGUEL HIDALGO,016-083,TORRE BLANCA,COLONIA,MIGUEL HIDALGO > TORRE BLANCA (COLONIA),True,False,Polygon,2026-07-05
09,CIUDAD DE MÉXICO,016,MIGUEL HIDALGO,016-084,UN HOGAR PARA NOSOTROS,COLONIA,MIGUEL HIDALGO > UN HOGAR PARA NOSOTROS (COLONIA),True,False,Polygon,2026-07-05
09,CIUDAD DE MÉXICO,016,MIGUEL HIDALGO,016-085,VENTURA PEREZ DE ALVA,COLONIA,MIGUEL HIDALGO > VENTURA PEREZ DE ALVA (COLONIA),True,False,Polygon,2026-07-05
09,CIUDAD DE MÉXICO,016,MIGUEL HIDALGO,016-086,VERONICA ANZURES,COLONIA,MIGUEL HIDALGO > VERONICA ANZURES (COLONIA),True,False,Polygon,2026-07-05
09,CIUDAD DE MÉXICO,017,VENUSTIANO CARRANZA,017-001,10 DE MAYO,COLONIA,VENUSTIANO CARRANZA > 10 DE MAYO (COLONIA),True,False,Polygon,2026-07-05
09,CIUDAD DE MÉXICO,017,VENUSTIANO CARRANZA,017-002,1O DE MAYO,COLONIA,VENUSTIANO CARRANZA > 1O DE MAYO (COLONIA),True,False,Polygon,2026-07-05
09,CIUDAD DE MÉXICO,017,VENUSTIANO CARRANZA,017-003,20 DE NOVIEMBRE,COLONIA,VENUSTIANO CARRANZA > 20 DE NOVIEMBRE (COLONIA),True,False,Polygon,2026-07-05
09,CIUDAD DE MÉXICO,017,VENUSTIANO CARRANZA,017-004,24 DE ABRIL,COLONIA,VENUSTIANO CARRANZA > 24 DE ABRIL (COLONIA),True,False,Polygon,2026-07-05
09,CIUDAD DE MÉXICO,017,VENUSTIANO CARRANZA,017-005,4 ARBOLES,COLONIA,VENUSTIANO CARRANZA > 4 ARBOLES (COLONIA),True,False,Polygon,2026-07-05
09,CIUDAD DE MÉXICO,017,VENUSTIANO CARRANZA,017-006,5TO TRAMO 20 DE NOVIEMBRE,COLONIA,VENUSTIANO CARRANZA > 5TO TRAMO 20 DE NOVIEMBRE (COLONIA),True,False,Polygon,2026-07-05
09,CIUDAD DE MÉXICO,017,VENUSTIANO CARRANZA,017-007,7 DE JULIO,COLONIA,VENUSTIANO CARRANZA > 7 DE JULIO (COLONIA),True,False,Polygon,2026-07-05
09,CIUDAD DE MÉXICO,017,VENUSTIANO CARRANZA,017-008,AARON SAENZ,COLONIA,VENUSTIANO CARRANZA > AARON SAENZ (COLONIA),True,False,Polygon,2026-07-05
09,CIUDAD DE MÉXICO,017,VENUSTIANO CARRANZA,017-009,ADOLFO LOPEZ MATEOS,COLONIA,VENUSTIANO CARRANZA > ADOLFO LOPEZ MATEOS (COLONIA),True,False,Polygon,2026-07-05
09,CIUDAD DE MÉXICO,017,VENUSTIANO CARRANZA,017-010,AERONAUTICA MILITAR,COLONIA,VENUSTIANO CARRANZA > AERONAUTICA MILITAR (COLONIA),True,False,Polygon,2026-07-05
09,CIUDAD DE MÉXICO,017,VENUSTIANO CARRANZA,017-011,ALVARO OBREGON,COLONIA,VENUSTIANO CARRANZA > ALVARO OBREGON (COLONIA),True,False,Polygon,2026-07-05
09,CIUDAD DE MÉXICO,017,VENUSTIANO CARRANZA,017-012,AMPLIACION 20 DE NOVIEMBRE,COLONIA,VENUSTIANO CARRANZA > AMPLIACION 20 DE NOVIEMBRE (COLONIA),True,False,Polygon,2026-07-05
09,CIUDAD DE MÉXICO,017,VENUSTIANO CARRANZA,017-013,AMPLIACION AVIACION CIVIL,COLONIA,VENUSTIANO CARRANZA > AMPLIACION AVIACION CIVIL (COLONIA),True,False,Polygon,2026-07-05
09,CIUDAD DE MÉXICO,017,VENUSTIANO CARRANZA,017-014,AMPLIACION CARACOL,COLONIA,VENUSTIANO CARRANZA > AMPLIACION CARACOL (COLONIA),True,False,Polygon,2026-07-05
09,CIUDAD DE MÉXICO,017,VENUSTIANO CARRANZA,017-015,AMPLIACION MICHOACANA,COLONIA,VENUSTIANO CARRANZA > AMPLIACION MICHOACANA (COLONIA),True,False,Polygon,2026-07-05
09,CIUDAD DE MÉXICO,017,VENUSTIANO CARRANZA,017-016,AMPLIACION PENITENCIARIA,COLONIA,VENUSTIANO CARRANZA > AMPLIACION PENITENCIARIA (COLONIA),True,False,Polygon,2026-07-05
09,CIUDAD DE MÉXICO,017,VENUSTIANO CARRANZA,017-017,AMPLIACION SIMON BOLIVAR,COLONIA,VENUSTIANO CARRANZA > AMPLIACION SIMON BOLIVAR (COLONIA),True,False,Polygon,2026-07-05
09,CIUDAD DE MÉXICO,017,VENUSTIANO CARRANZA,017-018,AMPLIACION VENUSTIANO CARRANZA,COLONIA,VENUSTIANO CARRANZA > AMPLIACION VENUSTIANO CARRANZA (COLONIA),True,False,Polygon,2026-07-05
09,CIUDAD DE MÉXICO,017,VENUSTIANO CARRANZA,017-019,AQUILES SERDAN,COLONIA,VENUSTIANO CARRANZA > AQUILES SERDAN (COLONIA),True,False,Polygon,2026-07-05
09,CIUDAD DE MÉXICO,017,VENUSTIANO CARRANZA,017-020,ARENAL 1A. SECCION,COLONIA,VENUSTIANO CARRANZA > ARENAL 1A. SECCION (COLONIA),True,False,Polygon,2026-07-05
09,CIUDAD DE MÉXICO,017,VENUSTIANO CARRANZA,017-021,ARENAL 2A. SECCION,COLONIA,VENUSTIANO CARRANZA > ARENAL 2A. SECCION (COLONIA),True,False,Polygon,2026-07-05
09,CIUDAD DE MÉXICO,017,VENUSTIANO CARRANZA,017-022,ARENAL 3A. SECCION,COLONIA,VENUSTIANO CARRANZA > ARENAL 3A. SECCION (COLONIA),True,False,Polygon,2026-07-05
09,CIUDAD DE MÉXICO,017,VENUSTIANO CARRANZA,017-023,ARENAL 4A. SECCION,COLONIA,VENUSTIANO CARRANZA > ARENAL 4A. SECCION (COLONIA),True,False,Polygon,2026-07-05
09,CIUDAD DE MÉXICO,017,VENUSTIANO CARRANZA,017-024,ARENAL PUERTO AEREO,COLONIA,VENUSTIANO CARRANZA > ARENAL PUERTO AEREO (COLONIA),True,False,Polygon,2026-07-05
09,CIUDAD DE MÉXICO,017,VENUSTIANO CARRANZA,017-025,ARPTO INT DE LA CD DE MEX-EQUIPAMIENTO,COLONIA,VENUSTIANO CARRANZA > ARPTO INT DE LA CD DE MEX-EQUIPAMIENTO (COLONIA),True,False,Polygon,2026-07-05
09,CIUDAD DE MÉXICO,017,VENUSTIANO CARRANZA,017-026,ARTES GRAFICAS,COLONIA,VENUSTIANO CARRANZA > ARTES GRAFICAS (COLONIA),True,False,Polygon,2026-07-05
09,CIUDAD DE MÉXICO,017,VENUSTIANO CARRANZA,017-027,AVIACION CIVIL,COLONIA,VENUSTIANO CARRANZA > AVIACION CIVIL (COLONIA),True,False,Polygon,2026-07-05
09,CIUDAD DE MÉXICO,017,VENUSTIANO CARRANZA,017-028,AZTECA,COLONIA,VENUSTIANO CARRANZA > AZTECA (COLONIA),True,False,Polygon,2026-07-05
09,CIUDAD DE MÉXICO,017,VENUSTIANO CARRANZA,017-029,CARACOL,COLONIA,VENUSTIANO CARRANZA > CARACOL (COLONIA),True,False,Polygon,2026-07-05
09,CIUDAD DE MÉXICO,017,VENUSTIANO CARRANZA,017-030,CUCHILLA PANTITLAN,COLONIA,VENUSTIANO CARRANZA > CUCHILLA PANTITLAN (COLONIA),True,False,Polygon,2026-07-05
09,CIUDAD DE MÉXICO,017,VENUSTIANO CARRANZA,017-031,DAMIAN CARMONA,COLONIA,VENUSTIANO CARRANZA > DAMIAN CARMONA (COLONIA),True,False,Polygon,2026-07-05
09,CIUDAD DE MÉXICO,017,VENUSTIANO CARRANZA,017-032,DEL PARQUE,COLONIA,VENUSTIANO CARRANZA > DEL PARQUE (COLONIA),True,False,Polygon,2026-07-05
09,CIUDAD DE MÉXICO,017,VENUSTIANO CARRANZA,017-033,EMILIO CARRANZA,COLONIA,VENUSTIANO CARRANZA > EMILIO CARRANZA (COLONIA),True,False,Polygon,2026-07-05
09,CIUDAD DE MÉXICO,017,VENUSTIANO CARRANZA,017-034,ESCUELA DE TIRO,COLONIA,VENUSTIANO CARRANZA > ESCUELA DE TIRO (COLONIA),True,False,Polygon,2026-07-05
09,CIUDAD DE MÉXICO,017,VENUSTIANO CARRANZA,017-035,FEDERAL,COLONIA,VENUSTIANO CARRANZA > FEDERAL (COLONIA),True,False,Polygon,2026-07-05
09,CIUDAD DE MÉXICO,017,VENUSTIANO CARRANZA,017-036,FELIPE ANGELES,COLONIA,VENUSTIANO CARRANZA > FELIPE ANGELES (COLONIA),True,False,Polygon,2026-07-05
09,CIUDAD DE MÉXICO,017,VENUSTIANO CARRANZA,017-037,GENERAL IGNACIO ZARAGOZA,COLONIA,VENUSTIANO CARRANZA > GENERAL IGNACIO ZARAGOZA (COLONIA),True,False,Polygon,2026-07-05
09,CIUDAD DE MÉXICO,017,VENUSTIANO CARRANZA,017-038,INDUSTRIAL PUERTO AEREO,COLONIA,VENUSTIANO CARRANZA > INDUSTRIAL PUERTO AEREO (COLONIA),True,False,Polygon,2026-07-05
09,CIUDAD DE MÉXICO,017,VENUSTIANO CARRANZA,017-039,JAMAICA,COLONIA,VENUSTIANO CARRANZA > JAMAICA (COLONIA),True,False,Polygon,2026-07-05
09,CIUDAD DE MÉXICO,017,VENUSTIANO CARRANZA,017-040,JANITZIO,COLONIA,VENUSTIANO CARRANZA > JANITZIO (COLONIA),True,False,Polygon,2026-07-05
09,CIUDAD DE MÉXICO,017,VENUSTIANO CARRANZA,017-041,JARDIN BALBUENA,COLONIA,VENUSTIANO CARRANZA > JARDIN BALBUENA (COLONIA),True,False,Polygon,2026-07-05
09,CIUDAD DE MÉXICO,017,VENUSTIANO CARRANZA,017-042,LORENZO BOTURINI,COLONIA,VENUSTIANO CARRANZA > LORENZO BOTURINI (COLONIA),True,False,Polygon,2026-07-05
09,CIUDAD DE MÉXICO,017,VENUSTIANO CARRANZA,017-043,MAGDALENA MIXIUHCA,COLONIA,VENUSTIANO CARRANZA > MAGDALENA MIXIUHCA (COLONIA),True,False,Polygon,2026-07-05
09,CIUDAD DE MÉXICO,017,VENUSTIANO CARRANZA,017-044,MERCED BALBUENA,COLONIA,VENUSTIANO CARRANZA > MERCED BALBUENA (COLONIA),True,False,Polygon,2026-07-05
09,CIUDAD DE MÉXICO,017,VENUSTIANO CARRANZA,017-045,MICHOACANA,COLONIA,VENUSTIANO CARRANZA > MICHOACANA (COLONIA),True,False,Polygon,2026-07-05
09,CIUDAD DE MÉXICO,017,VENUSTIANO CARRANZA,017-046,MIGUEL HIDALGO,COLONIA,VENUSTIANO CARRANZA > MIGUEL HIDALGO (COLONIA),True,False,Polygon,2026-07-05
09,CIUDAD DE MÉXICO,017,VENUSTIANO CARRANZA,017-047,MOCTEZUMA 1A SECCION,COLONIA,VENUSTIANO CARRANZA > MOCTEZUMA 1A SECCION (COLONIA),True,False,Polygon,2026-07-05
09,CIUDAD DE MÉXICO,017,VENUSTIANO CARRANZA,017-048,MOCTEZUMA 2A. SECCION,COLONIA,VENUSTIANO CARRANZA > MOCTEZUMA 2A. SECCION (COLONIA),True,False,Polygon,2026-07-05
09,CIUDAD DE MÉXICO,017,VENUSTIANO CARRANZA,017-049,MORELOS,COLONIA,VENUSTIANO CARRANZA > MORELOS (COLONIA),True,False,Polygon,2026-07-05
09,CIUDAD DE MÉXICO,017,VENUSTIANO CARRANZA,017-050,NICOLAS BRAVO,COLONIA,VENUSTIANO CARRANZA > NICOLAS BRAVO (COLONIA),True,False,Polygon,2026-07-05
09,CIUDAD DE MÉXICO,017,VENUSTIANO CARRANZA,017-051,PENITENCIARIA,COLONIA,VENUSTIANO CARRANZA > PENITENCIARIA (COLONIA),True,False,Polygon,2026-07-05
09,CIUDAD DE MÉXICO,017,VENUSTIANO CARRANZA,017-052,PENSADOR MEXICANO,COLONIA,VENUSTIANO CARRANZA > PENSADOR MEXICANO (COLONIA),True,False,Polygon,2026-07-05
09,CIUDAD DE MÉXICO,017,VENUSTIANO CARRANZA,017-053,PEÑON DE LOS BAÑOS,COLONIA,VENUSTIANO CARRANZA > PEÑON DE LOS BAÑOS (COLONIA),True,False,Polygon,2026-07-05
09,CIUDAD DE MÉXICO,017,VENUSTIANO CARRANZA,017-054,POPULAR RASTRO,COLONIA,VENUSTIANO CARRANZA > POPULAR RASTRO (COLONIA),True,False,Polygon,2026-07-05
09,CIUDAD DE MÉXICO,017,VENUSTIANO CARRANZA,017-055,PROGRESISTA,COLONIA,VENUSTIANO CARRANZA > PROGRESISTA (COLONIA),True,False,Polygon,2026-07-05
09,CIUDAD DE MÉXICO,017,VENUSTIANO CARRANZA,017-056,PUEBLA,COLONIA,VENUSTIANO CARRANZA > PUEBLA (COLONIA),True,False,Polygon,2026-07-05
09,CIUDAD DE MÉXICO,017,VENUSTIANO CARRANZA,017-057,PUEBLO DE LA MAGDALENA MIXIUHCA,PUEBLOS Y BARRIOS ORIGINARIOS,VENUSTIANO CARRANZA > PUEBLO DE LA MAGDALENA MIXIUHCA (PUEBLOS Y BARRIOS ORIGINARIOS),False,False,Polygon,2026-07-05
09,CIUDAD DE MÉXICO,017,VENUSTIANO CARRANZA,017-058,REVOLUCION,COLONIA,VENUSTIANO CARRANZA > REVOLUCION (COLONIA),True,False,Polygon,2026-07-05
09,CIUDAD DE MÉXICO,017,VENUSTIANO CARRANZA,017-059,ROMERO RUBIO,COLONIA,VENUSTIANO CARRANZA > ROMERO RUBIO (COLONIA),True,False,Polygon,2026-07-05
09,CIUDAD DE MÉXICO,017,VENUSTIANO CARRANZA,017-060,SANTA CRUZ AVIACION,COLONIA,VENUSTIANO CARRANZA > SANTA CRUZ AVIACION (COLONIA),True,False,Polygon,2026-07-05
09,CIUDAD DE MÉXICO,017,VENUSTIANO CARRANZA,017-061,SEVILLA,COLONIA,VENUSTIANO CARRANZA > SEVILLA (COLONIA),True,False,Polygon,2026-07-05
09,CIUDAD DE MÉXICO,017,VENUSTIANO CARRANZA,017-062,SIMON BOLIVAR,COLONIA,VENUSTIANO CARRANZA > SIMON BOLIVAR (COLONIA),True,False,Polygon,2026-07-05
09,CIUDAD DE MÉXICO,017,VENUSTIANO CARRANZA,017-063,TRES MOSQUETEROS,COLONIA,VENUSTIANO CARRANZA > TRES MOSQUETEROS (COLONIA),True,False,Polygon,2026-07-05
09,CIUDAD DE MÉXICO,017,VENUSTIANO CARRANZA,017-064,VALENTIN GOMEZ FARIAS,COLONIA,VENUSTIANO CARRANZA > VALENTIN GOMEZ FARIAS (COLONIA),True,False,Polygon,2026-07-05
09,CIUDAD DE MÉXICO,017,VENUSTIANO CARRANZA,017-065,VALLE GOMEZ,COLONIA,VENUSTIANO CARRANZA > VALLE GOMEZ (COLONIA),True,False,Polygon,2026-07-05
09,CIUDAD DE MÉXICO,017,VENUSTIANO CARRANZA,017-066,VENUSTIANO CARRANZA,COLONIA,VENUSTIANO CARRANZA > VENUSTIANO CARRANZA (COLONIA),True,False,Polygon,2026-07-05
09,CIUDAD DE MÉXICO,017,VENUSTIANO CARRANZA,017-067,ZONA CENTRO,COLONIA,VENUSTIANO CARRANZA > ZONA CENTRO (COLONIA),True,False,Polygon,2026-07-05
